Category,currency,sellerRating,Duration,endDay,OpenPrice,Competitive
Music/Movie/Game,US,3249,5,Mon,0.01,0
Music/Movie/Game,US,3249,5,Mon,0.01,0
Music/Movie/Game,US,3249,5,Mon,0.01,0
Music/Movie/Game,US,3249,5,Mon,0.01,0
Music/Movie/Game,US,3249,5,Mon,0.01,0
Music/Movie/Game,US,3249,5,Mon,0.01,0
Music/Movie/Game,US,3249,5,Mon,0.01,0
Music/Movie/Game,US,3249,5,Mon,0.01,0
Music/Movie/Game,US,3249,5,Mon,0.01,0
Music/Movie/Game,US,3249,5,Mon,0.01,0
Music/Movie/Game,US,3249,5,Mon,0.01,0
Music/Movie/Game,US,3249,5,Mon,0.01,0
Music/Movie/Game,US,3249,5,Mon,0.01,0
Music/Movie/Game,US,3249,5,Mon,0.01,0
Music/Movie/Game,US,3249,5,Mon,0.01,0
Music/Movie/Game,US,3249,5,Mon,0.01,0
Automotive,US,3115,7,Tue,0.01,0
Automotive,US,3115,7,Tue,0.01,0
Automotive,US,3115,7,Tue,0.01,0
Automotive,US,3115,7,Tue,0.01,0
Automotive,US,3115,7,Tue,0.01,1
Automotive,US,3115,7,Tue,0.01,1
Music/Movie/Game,US,37727,7,Mon,0.01,0
Music/Movie/Game,US,3249,5,Mon,0.01,1
Music/Movie/Game,US,3249,5,Mon,0.01,1
SportingGoods,US,34343,1,Fri,0.01,1
Music/Movie/Game,US,3249,5,Mon,0.01,1
Music/Movie/Game,US,3249,5,Mon,0.01,1
Music/Movie/Game,US,3249,5,Mon,0.01,1
Music/Movie/Game,US,3249,5,Mon,0.01,1
Music/Movie/Game,US,3249,5,Mon,0.01,1
Music/Movie/Game,US,3249,5,Mon,0.01,1
Music/Movie/Game,US,3249,5,Mon,0.01,1
Music/Movie/Game,US,3249,5,Mon,0.01,1
Music/Movie/Game,US,3249,5,Mon,0.01,1
Music/Movie/Game,US,3249,5,Mon,0.01,1
Music/Movie/Game,US,3249,5,Mon,0.01,1
Music/Movie/Game,US,3249,5,Mon,0.01,1
Music/Movie/Game,US,3249,5,Mon,0.01,1
Music/Movie/Game,US,3249,5,Mon,0.01,1
Music/Movie/Game,US,3249,5,Mon,0.01,1
Music/Movie/Game,US,3249,5,Mon,0.01,1
Music/Movie/Game,US,3249,5,Mon,0.01,1
Music/Movie/Game,US,3249,5,Mon,0.01,1
Music/Movie/Game,US,3249,5,Mon,0.01,1
Music/Movie/Game,US,3249,5,Mon,0.01,1
Music/Movie/Game,US,3249,5,Mon,0.01,1
Music/Movie/Game,US,3249,5,Mon,0.01,1
Music/Movie/Game,US,3249,5,Mon,0.01,1
Music/Movie/Game,US,3249,5,Mon,0.01,1
Music/Movie/Game,US,3249,5,Mon,0.01,1
Music/Movie/Game,US,3249,5,Mon,0.01,1
Music/Movie/Game,US,3249,5,Mon,0.01,1
Automotive,US,3115,7,Tue,0.01,1
Music/Movie/Game,US,3249,5,Mon,0.01,1
Music/Movie/Game,US,3249,5,Mon,0.01,1
Music/Movie/Game,US,3249,5,Mon,0.01,1
Music/Movie/Game,US,3249,5,Mon,0.01,1
Music/Movie/Game,US,3249,5,Mon,0.01,1
Music/Movie/Game,US,3249,5,Mon,0.01,1
Music/Movie/Game,US,3249,5,Mon,0.01,1
Music/Movie/Game,US,3249,5,Mon,0.01,1
Music/Movie/Game,US,3249,5,Mon,0.01,1
Music/Movie/Game,US,3249,5,Mon,0.01,1
Music/Movie/Game,US,3249,5,Mon,0.01,1
Music/Movie/Game,US,3249,5,Mon,0.01,1
Music/Movie/Game,US,3249,5,Mon,0.01,1
Music/Movie/Game,US,3249,5,Mon,0.01,1
Music/Movie/Game,US,3249,5,Mon,0.01,1
Music/Movie/Game,US,3249,5,Mon,0.01,1
Music/Movie/Game,US,3249,5,Mon,0.01,1
Music/Movie/Game,US,3249,5,Mon,0.01,1
Music/Movie/Game,US,3249,5,Mon,0.01,1
Music/Movie/Game,US,3249,5,Mon,0.01,1
Music/Movie/Game,US,3249,5,Mon,0.01,1
Music/Movie/Game,US,3249,5,Mon,0.01,1
Music/Movie/Game,US,3249,5,Mon,0.01,1
Music/Movie/Game,US,3249,5,Mon,0.01,1
Music/Movie/Game,US,3249,5,Mon,0.01,1
Music/Movie/Game,US,3249,5,Mon,0.01,1
Music/Movie/Game,US,3249,5,Mon,0.01,1
Music/Movie/Game,US,3249,5,Mon,0.01,1
Music/Movie/Game,US,3249,5,Mon,0.01,1
Music/Movie/Game,US,37727,7,Mon,0.01,1
Music/Movie/Game,US,3249,5,Mon,0.01,1
Music/Movie/Game,US,3249,5,Mon,0.01,1
Music/Movie/Game,US,3249,5,Mon,0.01,1
Music/Movie/Game,US,3249,5,Mon,0.01,1
Music/Movie/Game,US,3249,5,Mon,0.01,1
Music/Movie/Game,US,3249,5,Mon,0.01,1
Music/Movie/Game,US,3249,5,Mon,0.01,1
Music/Movie/Game,US,3249,5,Mon,0.01,1
Music/Movie/Game,US,3249,5,Mon,0.01,1
Music/Movie/Game,US,3249,5,Mon,0.01,1
Music/Movie/Game,US,3249,5,Mon,0.01,1
Music/Movie/Game,US,3249,5,Mon,0.01,1
Music/Movie/Game,US,3249,5,Mon,0.01,1
Music/Movie/Game,US,3249,5,Mon,0.01,1
Music/Movie/Game,US,3249,5,Mon,0.01,1
Music/Movie/Game,US,3249,5,Mon,0.01,1
Music/Movie/Game,US,3249,5,Mon,0.01,1
Music/Movie/Game,US,3249,5,Mon,0.01,1
Music/Movie/Game,US,3249,5,Mon,0.01,1
Music/Movie/Game,US,3249,5,Mon,0.01,1
Music/Movie/Game,US,3249,5,Mon,0.01,1
Music/Movie/Game,US,3249,5,Mon,0.01,1
Home/Garden,GBP,29,7,Thu,0.017846154,1
Music/Movie/Game,US,3249,5,Mon,0.01,1
Music/Movie/Game,US,3249,5,Mon,0.01,1
Music/Movie/Game,US,3249,5,Mon,0.01,1
Music/Movie/Game,US,3249,5,Mon,0.01,1
Music/Movie/Game,US,3249,5,Mon,0.01,1
Music/Movie/Game,US,3249,5,Mon,0.01,1
Music/Movie/Game,US,3249,5,Mon,0.01,1
Music/Movie/Game,US,3249,5,Mon,0.01,1
Music/Movie/Game,US,3249,5,Mon,0.01,1
Music/Movie/Game,US,3249,5,Mon,0.01,1
Music/Movie/Game,US,3249,5,Mon,0.01,1
Music/Movie/Game,US,3249,5,Mon,0.01,1
Music/Movie/Game,US,3249,5,Mon,0.01,1
Music/Movie/Game,US,3249,5,Mon,0.01,1
Music/Movie/Game,US,3249,5,Mon,0.01,1
Music/Movie/Game,US,3249,5,Mon,0.01,1
Music/Movie/Game,US,3249,5,Mon,0.01,1
Music/Movie/Game,US,3249,5,Mon,0.01,1
Music/Movie/Game,US,3249,5,Mon,0.01,1
Music/Movie/Game,US,3249,5,Mon,0.01,1
Music/Movie/Game,US,3249,5,Mon,0.01,1
Music/Movie/Game,US,3249,5,Mon,0.01,1
Music/Movie/Game,US,3249,5,Mon,0.01,1
Music/Movie/Game,US,3249,5,Mon,0.01,1
Music/Movie/Game,US,3249,5,Mon,0.01,1
Music/Movie/Game,US,3249,5,Mon,0.01,1
Books,US,352,7,Sat,0.01,1
Music/Movie/Game,US,3249,5,Mon,0.01,1
Music/Movie/Game,US,3249,5,Mon,0.01,1
Music/Movie/Game,US,3249,5,Mon,0.01,1
Home/Garden,GBP,2991,7,Thu,0.534545455,1
Music/Movie/Game,US,3249,5,Mon,0.01,1
Music/Movie/Game,US,3249,5,Mon,0.01,1
Collectibles,US,1,5,Tue,0.01,1
Collectibles,US,1,5,Fri,0.01,1
Collectibles,US,1,5,Fri,0.01,1
Business/Industrial,US,5450,3,Sun,0.01,1
Collectibles,US,1,5,Tue,0.01,1
Music/Movie/Game,US,3249,5,Mon,0.01,1
Music/Movie/Game,GBP,1029,7,Thu,1.07,0
Music/Movie/Game,GBP,1029,7,Thu,1.07,0
Toys/Hobbies,GBP,2991,7,Thu,0.535,1
Toys/Hobbies,GBP,2991,7,Thu,0.53553719,1
Collectibles,US,1,5,Fri,0.01,1
Collectibles,US,1,5,Tue,0.01,1
Books,US,30,7,Mon,0.7,0
Music/Movie/Game,GBP,1029,7,Thu,1.25,0
Music/Movie/Game,GBP,1029,7,Thu,1.25,0
Music/Movie/Game,GBP,1029,7,Thu,1.25,0
Music/Movie/Game,GBP,1029,7,Thu,1.25,1
Music/Movie/Game,GBP,70,7,Thu,0.894230769,1
Collectibles,US,1,5,Tue,0.01,1
Collectibles,US,1,5,Tue,0.01,1
Electronics,US,4,5,Sat,0.01,1
Toys/Hobbies,GBP,2991,7,Thu,0.535909091,1
Music/Movie/Game,GBP,1029,7,Thu,1.252631579,1
Toys/Hobbies,GBP,2991,7,Thu,0.535862069,1
Computer,US,411,3,Sat,0.99,1
Automotive,US,793,3,Sat,0.99,1
Toys/Hobbies,US,3277,3,Sun,0.99,0
Toys/Hobbies,US,3277,3,Sun,0.99,0
Toys/Hobbies,US,3277,3,Sun,0.99,0
Music/Movie/Game,US,841,5,Mon,0.99,0
Music/Movie/Game,US,841,5,Mon,0.99,0
Music/Movie/Game,US,841,5,Mon,0.99,0
Music/Movie/Game,US,841,5,Mon,0.99,0
Music/Movie/Game,US,841,5,Mon,0.99,1
Collectibles,US,2220,5,Mon,0.99,0
EverythingElse,US,109,7,Fri,0.99,0
Books,GBP,149,7,Thu,1.77,0
Music/Movie/Game,GBP,149,7,Thu,1.77,0
Music/Movie/Game,GBP,215,7,Thu,1.77,0
Collectibles,US,2695,7,Fri,0.99,0
Collectibles,US,2695,7,Sat,0.99,0
Collectibles,US,2695,7,Sat,0.99,0
Collectibles,US,2695,7,Sat,0.99,0
Collectibles,US,2695,7,Sat,0.99,0
Toys/Hobbies,GBP,2991,7,Thu,1.77,0
Toys/Hobbies,GBP,2991,7,Thu,1.77,0
Music/Movie/Game,GBP,2991,7,Thu,1.77,0
Clothing/Accessories,GBP,2991,7,Thu,1.77,0
Coins/Stamps,GBP,3380,7,Thu,1.77,0
Coins/Stamps,GBP,3380,7,Thu,1.77,1
Toys/Hobbies,US,3385,7,Sat,0.99,0
Computer,US,4790,7,Tue,0.99,0
Collectibles,US,743,3,Sat,1,1
Electronics,EUR,9,5,Sun,1.23,0
Automotive,US,113,5,Sun,1,0
Antique/Art/Craft,EUR,158,5,Mon,1.23,0
Books,EUR,410,5,Mon,1.23,0
Books,EUR,666,5,Thu,1.23,0
Books,EUR,865,5,Fri,1.23,0
Clothing/Accessories,EUR,865,5,Sat,1.23,0
Music/Movie/Game,EUR,1301,5,Fri,1.23,0
Business/Industrial,EUR,27,7,Sun,1.23,0
Business/Industrial,EUR,27,7,Sun,1.23,0
Computer,EUR,29,7,Fri,1.23,0
Clothing/Accessories,EUR,41,7,Thu,1.23,0
Books,EUR,104,7,Mon,1.23,0
Music/Movie/Game,EUR,104,7,Mon,1.23,0
Music/Movie/Game,EUR,858,7,Mon,1.23,0
Jewelry,US,1317,7,Mon,1,1
Music/Movie/Game,EUR,1515,7,Mon,1.23,0
Antique/Art/Craft,EUR,1550,7,Mon,1.23,0
Antique/Art/Craft,EUR,1550,7,Mon,1.23,0
Antique/Art/Craft,EUR,1550,7,Mon,1.23,0
Antique/Art/Craft,EUR,1550,7,Wed,1.23,0
Electronics,EUR,1550,7,Sat,1.23,0
Music/Movie/Game,EUR,2162,7,Thu,1.23,0
Music/Movie/Game,EUR,2162,7,Thu,1.23,1
Pottery/Glass,GBP,5292,7,Thu,1.78,0
Pottery/Glass,GBP,5292,7,Thu,1.78,0
Automotive,EUR,23,10,Wed,1.23,0
Home/Garden,EUR,54,10,Tue,1.23,0
Books,EUR,89,10,Wed,1.23,0
Home/Garden,EUR,100,10,Fri,1.23,0
Computer,EUR,165,10,Wed,1.23,0
Clothing/Accessories,EUR,279,10,Tue,1.23,0
Coins/Stamps,EUR,684,10,Wed,1.23,0
Books,EUR,865,10,Wed,1.23,0
Books,EUR,865,10,Wed,1.23,0
Books,EUR,865,10,Wed,1.23,0
SportingGoods,EUR,865,10,Wed,1.23,0
Music/Movie/Game,EUR,1075,10,Thu,1.23,0
Books,EUR,1386,10,Sat,1.23,0
Music/Movie/Game,EUR,1645,10,Sun,1.23,0
Music/Movie/Game,EUR,1645,10,Sun,1.23,0
Collectibles,EUR,1853,10,Tue,1.23,0
Collectibles,EUR,1853,10,Tue,1.23,0
Collectibles,EUR,1853,10,Tue,1.23,0
Collectibles,EUR,2163,10,Fri,1.23,0
Music/Movie/Game,EUR,2404,10,Sat,1.23,0
Music/Movie/Game,EUR,2638,10,Mon,1.23,0
Music/Movie/Game,EUR,2638,10,Tue,1.23,0
Music/Movie/Game,EUR,2638,10,Tue,1.23,0
Music/Movie/Game,EUR,2638,10,Tue,1.23,0
Music/Movie/Game,EUR,3057,10,Mon,1.23,0
Computer,EUR,3375,10,Thu,1.23,0
Computer,EUR,3375,10,Thu,1.23,0
Music/Movie/Game,EUR,5701,10,Mon,1.23,0
Music/Movie/Game,EUR,5701,10,Sun,1.23,0
Music/Movie/Game,EUR,5701,10,Sun,1.23,0
Music/Movie/Game,EUR,5701,10,Sun,1.23,0
Music/Movie/Game,EUR,5701,10,Sun,1.23,0
Home/Garden,EUR,5701,10,Tue,1.23,0
Home/Garden,EUR,5701,10,Wed,1.23,0
Collectibles,EUR,5701,10,Sun,1.23,1
Music/Movie/Game,EUR,5701,10,Mon,1.23,1
Toys/Hobbies,GBP,2991,7,Thu,1.770576923,1
Music/Movie/Game,GBP,2991,7,Thu,0.535135135,1
Home/Garden,US,533,7,Mon,0.01,1
Collectibles,US,1,5,Tue,0.01,1
Collectibles,US,1386,3,Sat,0.25,1
Home/Garden,GBP,53,7,Thu,1.7655,1
Collectibles,US,2695,7,Sat,0.99,1
Toys/Hobbies,US,1124,7,Tue,1,1
Music/Movie/Game,GBP,1029,7,Thu,1.425882353,1
Toys/Hobbies,GBP,2991,7,Thu,0.535531915,1
Home/Garden,GBP,53,7,Thu,1.766875,1
Home/Garden,GBP,2991,7,Thu,1.766875,1
Toys/Hobbies,US,3277,3,Sun,0.99,1
Electronics,EUR,1550,7,Fri,1.226666667,1
Electronics,EUR,1550,7,Fri,1.226666667,1
Electronics,EUR,1550,7,Fri,1.226666667,1
Electronics,EUR,1550,7,Sat,1.226666667,1
Electronics,EUR,1550,7,Mon,1.226666667,1
Business/Industrial,EUR,743,10,Fri,1.226666667,1
Books,EUR,2163,10,Tue,1.226666667,1
Music/Movie/Game,EUR,5701,10,Mon,1.226666667,1
Coins/Stamps,GBP,3380,7,Thu,2.23,0
Home/Garden,GBP,53,7,Thu,1.769625,1
Music/Movie/Game,GBP,2991,7,Thu,0.535636364,1
Home/Garden,GBP,53,7,Thu,1.769112427,1
Home/Garden,GBP,53,7,Thu,1.764529412,1
Music/Movie/Game,GBP,215,7,Thu,1.764529412,1
Coins/Stamps,EUR,1033,10,Fri,1.230769231,1
Home/Garden,GBP,53,7,Thu,1.765028572,1
Home/Garden,GBP,53,7,Thu,1.766368421,1
Collectibles,US,1,5,Fri,0.01,1
Books,EUR,1553,10,Tue,1.71,0
Toys/Hobbies,GBP,2991,7,Thu,0.535384616,1
Electronics,EUR,1550,7,Sat,1.23,1
Electronics,EUR,1550,7,Wed,1.23,1
Electronics,EUR,1550,7,Wed,1.23,1
Music/Movie/Game,EUR,2638,10,Tue,1.23,1
Home/Garden,GBP,53,7,Thu,1.767857143,1
Music/Movie/Game,GBP,1148,3,Thu,1.7685,1
Music/Movie/Game,GBP,1148,3,Thu,1.7685,1
Home/Garden,US,841,5,Mon,0.99,1
Music/Movie/Game,GBP,118,7,Thu,1.7685,1
Home/Garden,GBP,53,7,Thu,1.764977376,1
Music/Movie/Game,EUR,104,7,Mon,1.829999999,0
Books,GBP,201,7,Thu,2.66,0
Antique/Art/Craft,US,945,7,Sun,1.49,0
Books,GBP,2731,7,Thu,2.66,0
Books,EUR,1553,10,Tue,1.829999999,0
Coins/Stamps,GBP,3380,7,Thu,2.680000001,0
Toys/Hobbies,EUR,300,10,Wed,1.840000001,0
Toys/Hobbies,EUR,300,10,Wed,1.840000001,0
Toys/Hobbies,EUR,300,10,Wed,1.840000001,0
Home/Garden,GBP,53,7,Thu,1.7655,1
Home/Garden,GBP,53,7,Thu,1.7655,1
Music/Movie/Game,EUR,1301,5,Fri,1.228,1
Music/Movie/Game,EUR,104,7,Mon,1.228,1
Music/Movie/Game,EUR,765,7,Sun,1.228,1
Books,EUR,1386,10,Sat,1.228,1
Books,EUR,15,10,Sun,1.231075697,1
Music/Movie/Game,GBP,429,3,Thu,2.662603551,1
Home/Garden,GBP,53,7,Thu,1.766769231,1
Clothing/Accessories,GBP,77,7,Thu,1.767333333,1
Music/Movie/Game,US,841,5,Mon,0.99,1
Home/Garden,GBP,53,7,Thu,1.7655,1
Books,GBP,2731,7,Thu,2.65965,1
Antique/Art/Craft,EUR,1553,10,Tue,1.8327,1
Collectibles,EUR,221,7,Wed,1.23,1
Clothing/Accessories,EUR,41,10,Sun,1.23,1
Clothing/Accessories,EUR,41,10,Sun,1.23,1
Books,EUR,268,10,Sun,1.845,1
Music/Movie/Game,EUR,5701,10,Fri,1.22923588,1
Music/Movie/Game,EUR,3057,10,Mon,1.229508197,1
Music/Movie/Game,US,841,5,Mon,0.99,1
Home/Garden,GBP,53,7,Thu,1.76653125,1
Home/Garden,GBP,53,7,Thu,1.76653125,1
Jewelry,US,743,3,Sat,1,1
Clothing/Accessories,GBP,2991,7,Thu,0.535304348,1
Collectibles,EUR,170,7,Fri,1.228571429,1
Clothing/Accessories,EUR,1661,7,Wed,1.230113636,1
Toys/Hobbies,EUR,104,10,Fri,1.230555556,1
Collectibles,GBP,1954,7,Thu,1.766522911,1
Music/Movie/Game,GBP,293,10,Thu,1.766522911,1
Music/Movie/Game,GBP,1148,3,Thu,1.76766756,1
SportingGoods,US,2378,3,Sun,0.01,1
Music/Movie/Game,US,841,5,Mon,0.99,1
Coins/Stamps,US,5564,7,Mon,0.99,1
Jewelry,EUR,72,1,Thu,2.45,0
Jewelry,EUR,72,1,Fri,2.45,0
Computer,EUR,105,3,Sun,2.45,0
Music/Movie/Game,EUR,681,3,Sat,2.45,0
Automotive,US,3114,3,Sat,1.99,0
Clothing/Accessories,EUR,24,7,Sat,2.45,0
Health/Beauty,EUR,70,7,Fri,2.45,0
Health/Beauty,EUR,70,7,Sat,2.45,0
Health/Beauty,EUR,70,7,Mon,2.45,0
Health/Beauty,EUR,70,7,Wed,2.45,0
Music/Movie/Game,EUR,104,7,Thu,2.45,0
Computer,EUR,105,7,Thu,2.45,0
Music/Movie/Game,EUR,205,7,Fri,2.45,0
Music/Movie/Game,EUR,205,7,Fri,2.45,0
Music/Movie/Game,EUR,205,7,Fri,2.45,0
Music/Movie/Game,EUR,205,7,Fri,2.45,0
EverythingElse,US,212,7,Fri,1.99,0
Toys/Hobbies,GBP,2731,7,Thu,3.55,0
Coins/Stamps,GBP,3380,7,Thu,3.55,0
Coins/Stamps,GBP,3380,7,Thu,3.55,0
Toys/Hobbies,US,3385,7,Sat,1.99,0
Toys/Hobbies,US,3385,7,Sat,1.99,0
Toys/Hobbies,US,3385,7,Sat,1.99,0
Toys/Hobbies,US,3385,7,Sat,1.99,0
Toys/Hobbies,US,3385,7,Sat,1.99,0
Toys/Hobbies,US,3385,7,Sat,1.99,0
Toys/Hobbies,US,3385,7,Sat,1.99,0
Toys/Hobbies,US,3385,7,Sat,1.99,0
Home/Garden,EUR,5350,7,Sat,2.45,0
Home/Garden,EUR,5350,7,Mon,2.45,0
Toys/Hobbies,US,9003,7,Mon,1.99,0
Antique/Art/Craft,EUR,18,10,Sun,2.45,0
Antique/Art/Craft,EUR,18,10,Sun,2.45,0
Antique/Art/Craft,EUR,18,10,Sun,2.45,1
Toys/Hobbies,EUR,300,10,Wed,2.45,0
Collectibles,EUR,578,10,Sun,2.45,0
Collectibles,EUR,578,10,Sun,2.45,0
Collectibles,EUR,578,10,Mon,2.45,0
Collectibles,EUR,578,10,Mon,2.45,0
Collectibles,EUR,578,10,Mon,2.45,0
Collectibles,EUR,578,10,Mon,2.45,0
Collectibles,EUR,884,10,Mon,2.45,1
Collectibles,EUR,884,10,Mon,2.45,1
Collectibles,EUR,1545,10,Mon,2.45,0
Collectibles,EUR,1545,10,Mon,2.45,0
Collectibles,EUR,1545,10,Thu,2.45,0
Computer,EUR,2382,10,Sun,2.45,0
Antique/Art/Craft,EUR,2507,10,Sun,2.45,0
Antique/Art/Craft,EUR,2507,10,Sun,2.45,0
SportingGoods,EUR,4366,10,Mon,2.45,0
Automotive,EUR,5701,10,Mon,2.45,0
Electronics,EUR,5701,10,Fri,2.45,0
Electronics,EUR,5701,10,Mon,2.45,0
Music/Movie/Game,EUR,5701,10,Sun,2.45,0
Music/Movie/Game,EUR,5701,10,Sun,2.45,0
Toys/Hobbies,EUR,5827,10,Wed,2.45,0
Toys/Hobbies,EUR,5827,10,Wed,2.45,0
Toys/Hobbies,EUR,5827,10,Wed,2.45,0
Music/Movie/Game,US,3277,3,Sun,2,1
Music/Movie/Game,EUR,1301,5,Fri,1.23,1
Antique/Art/Craft,US,52,7,Fri,2,0
Music/Movie/Game,EUR,130,7,Sun,2.46,0
Home/Garden,GBP,376,7,Thu,3.57,0
Collectibles,US,2695,7,Fri,2,0
Collectibles,US,2695,7,Sat,2,0
Collectibles,US,2695,7,Sat,2,0
Collectibles,US,2695,7,Sat,2,0
Collectibles,US,2696,7,Mon,2,0
Antique/Art/Craft,US,4390,7,Mon,2,0
Home/Garden,GBP,53,7,Thu,1.767857143,1
Pottery/Glass,GBP,107,10,Thu,1.767857143,1
Home/Garden,GBP,53,7,Thu,1.766009501,1
Music/Movie/Game,US,841,5,Mon,0.99,1
Music/Movie/Game,US,841,5,Mon,0.99,1
Automotive,US,2162,5,Sun,1.99,1
Toys/Hobbies,US,3385,7,Sat,1.99,1
Toys/Hobbies,US,3385,7,Sat,1.99,1
Home/Garden,EUR,54,5,Sat,1.228888889,1
Music/Movie/Game,EUR,1301,7,Sun,1.230769231,1
Music/Movie/Game,EUR,1301,7,Sun,1.230434783,1
Music/Movie/Game,GBP,17,7,Thu,1.767255319,1
Music/Movie/Game,GBP,1842,10,Thu,1.767255319,1
Collectibles,US,2696,7,Mon,2,1
Collectibles,US,5703,10,Sun,0.5,1
Toys/Hobbies,EUR,2507,7,Fri,2.445542169,1
Collectibles,EUR,1545,10,Mon,2.445542169,1
Home/Garden,EUR,5350,5,Fri,2.44372,1
Music/Movie/Game,EUR,205,7,Fri,2.44372,1
Clothing/Accessories,EUR,569,10,Thu,2.44372,1
Collectibles,EUR,1545,10,Mon,2.44372,1
Jewelry,US,1124,3,Sun,2,1
Books,EUR,83,10,Fri,1.230038023,1
Coins/Stamps,GBP,3380,7,Thu,3.552518518,1
Music/Movie/Game,US,841,5,Mon,0.99,1
Music/Movie/Game,US,841,5,Mon,0.99,1
Music/Movie/Game,US,841,5,Mon,0.99,1
Music/Movie/Game,GBP,17,7,Thu,1.7676,1
Toys/Hobbies,GBP,1768,7,Thu,1.7676,1
Home/Garden,GBP,670,7,Thu,1.766188748,1
Toys/Hobbies,US,3385,7,Sat,1.99,1
Collectibles,US,2695,7,Sat,2,1
Collectibles,EUR,442,10,Wed,1.229090909,1
Jewelry,EUR,5701,10,Mon,1.229090909,1
Collectibles,GBP,88,7,Thu,1.784029038,1
Toys/Hobbies,US,3385,7,Sat,1.99,1
Music/Movie/Game,US,3277,3,Sun,2,1
Automotive,EUR,526,10,Tue,1.230357143,1
Music/Movie/Game,US,841,5,Mon,0.99,1
Collectibles,EUR,1545,10,Wed,2.4477,1
Collectibles,EUR,1545,10,Tue,2.4477,1
Electronics,EUR,5701,10,Wed,2.4477,1
Computer,EUR,863,10,Fri,2.446179401,1
Automotive,EUR,526,10,Thu,1.229617304,1
Collectibles,EUR,1545,10,Mon,2.449735973,1
Collectibles,EUR,920,3,Fri,1.230145867,1
Music/Movie/Game,GBP,105,7,Thu,4.44,0
Music/Movie/Game,GBP,105,7,Thu,4.44,0
Toys/Hobbies,US,3277,3,Sun,0.99,1
Collectibles,US,510,3,Sun,2.5,0
Computer,US,366,5,Mon,2.5,0
Home/Garden,EUR,1402,7,Fri,3.07,0
Coins/Stamps,EUR,300,10,Wed,2.444857144,1
Music/Movie/Game,GBP,118,7,Thu,1.766769231,1
Music/Movie/Game,EUR,548,10,Tue,1.229583975,1
Automotive,EUR,526,10,Wed,1.229230769,1
Automotive,EUR,526,10,Sat,1.229230769,1
Collectibles,EUR,433,5,Fri,2.44830303,1
SportingGoods,GBP,118,7,Thu,1.767223881,1
Music/Movie/Game,GBP,105,7,Thu,4.443122676,1
Toys/Hobbies,US,3277,3,Sun,0.99,1
Music/Movie/Game,EUR,205,7,Fri,2.444857144,1
Automotive,EUR,526,10,Mon,1.23,1
Music/Movie/Game,EUR,205,7,Fri,2.449661971,1
Toys/Hobbies,US,35,1,Fri,0.01,1
Electronics,EUR,5701,10,Sun,2.448805556,1
Music/Movie/Game,GBP,17,7,Thu,1.76697931,1
Music/Movie/Game,GBP,105,7,Thu,4.445813149,1
Coins/Stamps,US,1054,5,Mon,0.77,1
Collectibles,EUR,170,7,Fri,1.229333333,1
Jewelry,US,225,7,Mon,0.01,1
Clothing/Accessories,EUR,18,10,Sun,1.229333333,1
Automotive,EUR,526,10,Fri,1.230359521,1
Toys/Hobbies,US,3385,7,Sat,2.75,0
Toys/Hobbies,US,3385,7,Sat,2.75,0
Toys/Hobbies,US,3385,7,Sat,2.75,0
Toys/Hobbies,US,3385,7,Sat,2.75,0
Toys/Hobbies,US,3385,7,Sat,2.75,0
Toys/Hobbies,US,3385,7,Sat,2.75,0
Toys/Hobbies,US,3385,7,Sat,2.75,0
Toys/Hobbies,US,3385,7,Sat,2.75,0
Toys/Hobbies,US,3385,7,Sat,2.75,0
Toys/Hobbies,US,3385,7,Sat,2.75,0
Toys/Hobbies,US,3385,7,Sat,2.75,0
Toys/Hobbies,US,3385,7,Sat,2.75,0
Toys/Hobbies,US,3385,7,Sat,2.75,0
Toys/Hobbies,US,3385,7,Sat,2.75,0
Toys/Hobbies,US,3385,7,Sat,2.75,0
Toys/Hobbies,US,3385,7,Sat,2.75,0
Coins/Stamps,US,5564,7,Sat,2.79,0
Music/Movie/Game,US,841,5,Mon,0.99,1
Music/Movie/Game,GBP,118,7,Thu,1.76715,1
Music/Movie/Game,GBP,105,7,Thu,4.44309375,1
Collectibles,EUR,578,10,Mon,2.446558604,1
Computer,EUR,113,7,Tue,1.23,1
Toys/Hobbies,GBP,293,10,Thu,4.4609375,1
Toys/Hobbies,EUR,638,10,Sun,1.229426434,1
Electronics,US,2956,3,Fri,0.1,1
Collectibles,GBP,18,7,Thu,2.678181818,1
SportingGoods,GBP,79,7,Thu,1.766607774,1
Computer,US,411,5,Mon,0.99,1
Collectibles,EUR,170,7,Thu,1.229411765,1
SportingGoods,US,2378,1,Fri,0.01,1
Collectibles,US,119,10,Sat,0.01,1
EverythingElse,GBP,232,3,Thu,5.339999999,0
Books,US,638,3,Sat,2.99,0
Clothing/Accessories,EUR,315,7,Sat,3.680000001,0
Coins/Stamps,GBP,3380,7,Thu,5.339999999,0
Coins/Stamps,GBP,3380,7,Thu,5.339999999,0
Coins/Stamps,GBP,3380,7,Thu,5.339999999,0
Collectibles,US,3385,7,Sat,2.99,0
Antique/Art/Craft,US,3613,7,Sun,2.99,0
Books,US,3613,7,Sun,2.99,1
Antique/Art/Craft,US,4390,7,Fri,2.99,1
Coins/Stamps,US,5564,7,Fri,2.99,0
Coins/Stamps,US,5564,7,Fri,2.99,0
Collectibles,US,9003,7,Sun,2.99,0
EverythingElse,US,9003,7,Mon,2.99,0
SportingGoods,US,9003,7,Sun,2.99,0
SportingGoods,US,9003,7,Mon,2.99,0
Collectibles,US,25433,7,Sat,2.99,0
Toys/Hobbies,EUR,842,10,Tue,1.230167598,1
Collectibles,EUR,1545,10,Tue,2.445488889,1
Toys/Hobbies,US,3277,3,Sun,3,0
Toys/Hobbies,US,3277,3,Sun,3,0
Music/Movie/Game,GBP,197,7,Thu,5.349999999,0
Toys/Hobbies,EUR,508,7,Sun,1.23,1
Antique/Art/Craft,EUR,618,7,Mon,3.69,0
Jewelry,GBP,2189,7,Thu,5.349999999,0
Collectibles,US,2696,7,Mon,3,0
Music/Movie/Game,GBP,1842,10,Thu,5.349999999,0
Music/Movie/Game,GBP,1842,10,Thu,5.349999999,0
Music/Movie/Game,EUR,5701,10,Wed,1.23,1
Toys/Hobbies,EUR,3090,10,Tue,2.445859031,1
Toys/Hobbies,EUR,5827,10,Wed,2.447913979,1
Music/Movie/Game,GBP,2991,7,Thu,0.535451613,1
Music/Movie/Game,US,471,5,Mon,0.99,1
Music/Movie/Game,US,841,5,Mon,0.99,1
Jewelry,US,743,3,Sat,1,1
Collectibles,US,2695,7,Sat,3,1
Music/Movie/Game,GBP,1148,3,Thu,1.76715,1
Music/Movie/Game,US,841,5,Mon,0.99,1
Collectibles,EUR,1545,10,Mon,2.4477,1
Collectibles,EUR,1545,10,Mon,2.4477,1
Collectibles,EUR,1545,10,Mon,2.4477,1
Toys/Hobbies,EUR,508,7,Sun,1.23,1
Music/Movie/Game,GBP,1148,3,Thu,1.766914286,1
Music/Movie/Game,US,841,5,Mon,0.99,1
Music/Movie/Game,GBP,17,7,Thu,1.766914286,1
Coins/Stamps,US,1054,5,Mon,0.77,1
Music/Movie/Game,US,193,5,Sat,0.99,1
Music/Movie/Game,US,841,5,Mon,0.99,1
Toys/Hobbies,EUR,508,7,Sun,1.22952381,1
Music/Movie/Game,EUR,1853,7,Fri,3.685714287,1
Music/Movie/Game,EUR,1853,7,Fri,3.685714287,1
Antique/Art/Craft,US,4390,7,Fri,3.27,0
Home/Garden,EUR,4366,7,Fri,2.445890909,1
Electronics,EUR,5701,10,Tue,2.445890909,1
Jewelry,GBP,1180,7,Thu,3.57090909,1
Toys/Hobbies,US,3385,7,Sat,2.75,1
Business/Industrial,US,1265,7,Sat,3.35,0
Business/Industrial,US,1266,7,Sun,3.35,0
Music/Movie/Game,GBP,1148,3,Thu,1.766504348,1
Home/Garden,US,390,5,Mon,0.99,1
Computer,US,2711,5,Sat,0.99,1
Jewelry,EUR,2168,7,Mon,1.229565217,1
Collectibles,EUR,1545,10,Tue,2.446327587,1
Home/Garden,EUR,266,5,Sat,1.22997416,1
Music/Movie/Game,GBP,105,7,Thu,4.444914894,1
Toys/Hobbies,EUR,3090,10,Tue,2.4477,1
Toys/Hobbies,EUR,269,10,Tue,1.229741019,1
Collectibles,EUR,1545,10,Mon,2.447963576,1
Antique/Art/Craft,US,945,7,Sun,3.49,0
Antique/Art/Craft,US,2349,10,Sun,0.6,1
Home/Garden,EUR,5701,10,Tue,1.2296,1
Music/Movie/Game,GBP,197,7,Thu,5.357142858,1
Health/Beauty,US,2459,7,Sat,2.99,1
Jewelry,US,1322,7,Tue,0.99,1
Music/Movie/Game,GBP,17,7,Thu,1.766933129,1
Jewelry,EUR,89,10,Wed,2.448525347,1
Toys/Hobbies,EUR,3090,10,Tue,2.448525347,1
Antique/Art/Craft,US,2349,7,Fri,3.6,0
Antique/Art/Craft,US,2349,7,Fri,3.6,0
Antique/Art/Craft,US,2349,7,Fri,3.6,0
Antique/Art/Craft,US,2349,7,Fri,3.6,0
Antique/Art/Craft,US,2349,7,Fri,3.6,0
Antique/Art/Craft,US,2349,7,Fri,3.6,0
Antique/Art/Craft,US,2349,7,Fri,3.6,0
Antique/Art/Craft,US,2349,7,Fri,3.6,0
Antique/Art/Craft,US,2349,7,Sat,3.6,0
Antique/Art/Craft,US,2349,7,Sun,3.6,0
Antique/Art/Craft,US,2349,7,Sun,3.6,0
Antique/Art/Craft,US,2349,7,Sun,3.6,0
Antique/Art/Craft,US,2349,7,Mon,3.6,0
Antique/Art/Craft,US,2349,7,Mon,3.6,0
Antique/Art/Craft,US,2349,7,Tue,3.6,0
Antique/Art/Craft,US,2349,7,Tue,3.6,0
Antique/Art/Craft,US,2349,7,Fri,3.6,1
Antique/Art/Craft,US,2349,7,Sat,3.6,1
Jewelry,GBP,1180,7,Thu,3.56923077,1
Collectibles,EUR,1545,10,Fri,2.448320952,1
Collectibles,EUR,170,7,Fri,1.22962963,1
Music/Movie/Game,EUR,1301,7,Sun,1.229934924,1
Antique/Art/Craft,US,2349,7,Fri,3.6,1
Antique/Art/Craft,US,2349,7,Fri,3.6,1
Antique/Art/Craft,US,2349,7,Fri,3.6,1
Antique/Art/Craft,US,2349,7,Sat,3.6,1
Antique/Art/Craft,US,2349,7,Sun,3.6,1
Antique/Art/Craft,US,2349,7,Sun,3.6,1
Toys/Hobbies,US,3385,7,Sat,3.75,0
Toys/Hobbies,US,3385,7,Sat,3.75,0
Toys/Hobbies,US,3385,7,Sat,3.75,0
Music/Movie/Game,GBP,105,7,Thu,4.442336282,1
Antique/Art/Craft,EUR,2507,7,Fri,2.448149718,1
Collectibles,EUR,1545,10,Tue,2.447503525,1
SportingGoods,EUR,5701,10,Wed,2.448370787,1
Collectibles,US,2220,5,Mon,0.99,1
Clothing/Accessories,EUR,37,3,Thu,1.229655172,1
Music/Movie/Game,EUR,915,5,Fri,1.230027548,1
Antique/Art/Craft,US,2349,7,Mon,3.6,1
Clothing/Accessories,EUR,174,10,Fri,2.446373333,1
Collectibles,EUR,1545,10,Mon,2.446373333,1
Collectibles,EUR,1545,10,Mon,2.446373333,1
Clothing/Accessories,EUR,299,7,Thu,3.6777,1
Home/Garden,EUR,71,7,Thu,1.229649239,1
Toys/Hobbies,US,9003,5,Sat,3.89,0
Jewelry,US,9003,7,Mon,3.89,0
Toys/Hobbies,US,3385,7,Sat,2.75,1
Collectibles,EUR,578,10,Mon,2.447232376,1
Antique/Art/Craft,US,2349,7,Mon,3.6,1
Collectibles,EUR,578,10,Mon,2.447441559,1
Computer,US,454,5,Mon,0.99,1
Computer,US,18,7,Mon,0.99,1
Clothing/Accessories,EUR,519,5,Mon,1.229677419,1
Toys/Hobbies,US,3385,7,Sat,2.75,1
Antique/Art/Craft,US,2349,7,Fri,3.6,1
Antique/Art/Craft,US,2349,7,Tue,3.6,1
Antique/Art/Craft,US,2349,7,Tue,3.6,1
Antique/Art/Craft,US,2349,7,Fri,3.6,1
Collectibles,EUR,1545,10,Mon,2.4477,1
EverythingElse,GBP,232,3,Thu,7.12,1
Books,US,638,5,Mon,3.99,0
Clothing/Accessories,EUR,141,7,Fri,4.91,0
Health/Beauty,US,1155,7,Fri,3.99,0
Health/Beauty,US,1155,7,Sat,3.99,0
Health/Beauty,US,1155,7,Tue,3.99,0
Books,US,1464,7,Sun,3.99,0
Books,US,1809,7,Sun,3.99,0
Toys/Hobbies,US,3385,7,Sat,3.99,0
Toys/Hobbies,US,3385,7,Sat,3.99,0
Toys/Hobbies,US,3385,7,Sat,3.99,1
Collectibles,US,3613,7,Sun,3.99,0
Clothing/Accessories,US,3613,7,Sun,3.99,0
Home/Garden,US,3613,7,Sun,3.99,0
Home/Garden,US,3613,7,Sun,3.99,0
Antique/Art/Craft,US,3613,7,Sun,3.99,0
Antique/Art/Craft,US,3613,7,Sun,3.99,0
Pottery/Glass,US,3613,7,Sun,3.99,1
Antique/Art/Craft,US,4390,7,Mon,3.99,0
Antique/Art/Craft,US,4390,7,Mon,3.99,0
Antique/Art/Craft,US,4390,7,Mon,3.99,0
Antique/Art/Craft,US,4390,7,Fri,3.99,0
Collectibles,US,9003,7,Sat,3.99,0
Music/Movie/Game,US,9003,7,Mon,3.99,0
Music/Movie/Game,US,9003,7,Mon,3.99,0
Music/Movie/Game,US,9003,7,Mon,3.99,0
Home/Garden,US,9003,7,Sat,3.99,0
Jewelry,US,25433,7,Mon,3.99,0
Jewelry,US,25433,7,Mon,3.99,0
Jewelry,US,25433,7,Mon,3.99,0
Jewelry,US,25433,7,Mon,3.99,0
Toys/Hobbies,US,3277,3,Sun,4,0
Collectibles,GBP,18,7,Thu,7.14,0
Books,US,115,7,Sun,4,0
Antique/Art/Craft,EUR,277,7,Sun,4.92,0
Jewelry,GBP,1180,7,Thu,3.57,1
SportingGoods,US,1265,7,Fri,4,0
Books,EUR,321,10,Wed,4.92,0
Toys/Hobbies,EUR,508,7,Sun,1.229813665,1
Music/Movie/Game,GBP,105,7,Thu,4.443692309,1
Antique/Art/Craft,US,2349,7,Mon,3.6,1
Home/Garden,EUR,1405,10,Mon,2.446243903,1
Business/Industrial,US,8101,3,Sun,0.99,1
Toys/Hobbies,EUR,889,3,Fri,1.22954823,1
Collectibles,US,3385,7,Sat,2.99,1
Collectibles,US,3385,7,Sat,2.99,1
Business/Industrial,EUR,124,7,Wed,1.22969697,1
Antique/Art/Craft,US,2349,7,Tue,0.6,1
SportingGoods,US,27132,5,Mon,0.99,1
Books,US,3864,7,Tue,3.99,1
Antique/Art/Craft,US,2349,7,Tue,3.6,1
Books,US,3613,7,Sun,3.99,1
Antique/Art/Craft,US,3613,7,Sun,3.99,1
Jewelry,US,25433,7,Mon,3.99,1
SportingGoods,US,1266,7,Sun,4,1
Pottery/Glass,US,5721,3,Sat,4.15,0
Antique/Art/Craft,US,2349,7,Fri,3.6,1
Clothing/Accessories,EUR,1179,10,Wed,1.229714286,1
Music/Movie/Game,EUR,657,10,Tue,1.230022831,1
Antique/Art/Craft,US,2349,7,Tue,3.6,1
Music/Movie/Game,EUR,351,10,Tue,4.903266667,1
Music/Movie/Game,EUR,1634,10,Wed,4.903266667,1
Clothing/Accessories,EUR,519,7,Wed,1.23,1
Music/Movie/Game,EUR,657,10,Tue,1.23,1
Antique/Art/Craft,US,2349,7,Fri,3.6,1
Toys/Hobbies,US,3385,7,Sat,3.75,1
SportingGoods,US,27132,5,Mon,0.99,1
Collectibles,EUR,1545,10,Mon,2.446652631,1
Collectibles,EUR,1545,10,Fri,2.446652631,1
Home/Garden,GBP,53,7,Thu,3.551384616,1
Collectibles,US,3385,7,Sat,2.99,1
Clothing/Accessories,EUR,241,7,Sun,1.229861467,1
Music/Movie/Game,US,123,7,Tue,3,1
Toys/Hobbies,US,3277,3,Sun,3.5,1
Antique/Art/Craft,US,2349,7,Mon,0.6,1
Antique/Art/Craft,US,2349,7,Fri,3.6,1
Antique/Art/Craft,US,2349,7,Fri,3.6,1
Antique/Art/Craft,US,2349,7,Mon,3.6,1
Photography,GBP,71,7,Thu,3.55215,1
Collectibles,EUR,227,7,Sat,2.4477,1
Music/Movie/Game,EUR,657,10,Tue,4.918163672,1
Health/Beauty,US,1155,7,Sun,4.49,0
Antique/Art/Craft,US,2349,7,Fri,3.6,1
Antique/Art/Craft,US,2349,7,Fri,3.6,1
Antique/Art/Craft,US,3277,3,Sun,4.5,0
Collectibles,US,4397,7,Sat,4.5,0
Antique/Art/Craft,US,4397,7,Sat,4.5,0
Antique/Art/Craft,US,4397,7,Sat,4.5,0
Computer,EUR,335,1,Thu,1.229756098,1
SportingGoods,EUR,5701,10,Wed,1.229651163,1
Electronics,EUR,5701,10,Mon,1.229956793,1
Home/Garden,EUR,739,3,Sat,2.447187798,1
Music/Movie/Game,EUR,205,7,Fri,2.446752382,1
Toys/Hobbies,EUR,996,7,Tue,2.446752382,1
Collectibles,EUR,1545,10,Mon,2.446752382,1
Collectibles,EUR,1545,10,Mon,2.446752382,1
SportingGoods,EUR,478,7,Sat,2.446473933,1
Collectibles,GBP,88,7,Thu,1.784490961,1
Antique/Art/Craft,US,4390,7,Mon,3.99,1
Books,EUR,415,10,Sat,1.229546517,1
Toys/Hobbies,US,3385,7,Sat,3.75,1
Antique/Art/Craft,US,2349,7,Tue,3.6,1
Books,US,650,7,Fri,4.5,1
Collectibles,EUR,1179,10,Wed,1.22978529,1
Collectibles,US,337,7,Sun,3.99,1
Music/Movie/Game,EUR,6621,10,Tue,4.904072727,1
Music/Movie/Game,US,9003,7,Fri,3.99,1
Toys/Hobbies,US,322,5,Sun,4,1
Collectibles,US,2089,3,Sun,0.99,1
Collectibles,EUR,442,7,Sun,1.229802513,1
Antique/Art/Craft,US,2349,7,Tue,3.6,1
SportingGoods,EUR,5350,7,Mon,4.904814815,1
Antique/Art/Craft,US,2349,7,Fri,3.6,1
Toys/Hobbies,US,3385,7,Sat,2.75,1
SportingGoods,US,1266,7,Mon,4.89,0
Clothing/Accessories,EUR,3375,10,Thu,2.46,0
Toys/Hobbies,US,3277,3,Sun,3,1
Collectibles,US,843,10,Sat,4,1
Home/Garden,EUR,739,3,Thu,2.446986971,1
Health/Beauty,US,1059,5,Sat,4.95,0
Toys/Hobbies,US,3385,7,Sat,4.95,0
Toys/Hobbies,US,3385,7,Sat,4.95,0
Toys/Hobbies,US,3385,7,Sat,4.95,0
Toys/Hobbies,US,3385,7,Sat,4.95,0
Toys/Hobbies,US,3385,7,Sat,4.95,0
Antique/Art/Craft,US,4390,7,Fri,4.95,0
Jewelry,US,25433,7,Mon,4.95,0
Jewelry,US,25433,7,Mon,4.95,0
Antique/Art/Craft,US,2349,7,Fri,3.6,1
Toys/Hobbies,US,8100,1,Fri,4.99,0
Music/Movie/Game,US,50,3,Sat,4.99,0
SportingGoods,US,237,3,Sat,4.99,0
Antique/Art/Craft,US,4398,5,Sun,4.99,0
Health/Beauty,US,4398,5,Sun,4.99,0
Health/Beauty,US,4398,5,Mon,4.99,0
Clothing/Accessories,EUR,141,7,Thu,6.140000001,0
Clothing/Accessories,EUR,141,7,Thu,6.140000001,0
Music/Movie/Game,GBP,309,7,Thu,8.909999999,0
Music/Movie/Game,GBP,632,7,Thu,8.909999999,0
Music/Movie/Game,GBP,632,7,Thu,8.909999999,0
Music/Movie/Game,GBP,632,7,Thu,8.909999999,0
Jewelry,US,945,7,Sun,4.99,0
Health/Beauty,US,1155,7,Fri,4.99,0
Health/Beauty,US,1155,7,Fri,4.99,0
Health/Beauty,US,1155,7,Sun,4.99,0
Health/Beauty,US,1155,7,Sun,4.99,0
Health/Beauty,US,1155,7,Mon,4.99,0
Toys/Hobbies,US,1375,7,Sat,4.99,0
Collectibles,US,1375,7,Sat,4.99,0
Automotive,GBP,1390,7,Thu,8.909999999,0
Pottery/Glass,US,1809,7,Sun,4.99,0
Music/Movie/Game,US,3227,7,Sat,4.99,0
Music/Movie/Game,US,3227,7,Sun,4.99,0
Toys/Hobbies,US,3385,7,Sat,4.99,0
Toys/Hobbies,US,3385,7,Sat,4.99,0
Antique/Art/Craft,US,4390,7,Mon,4.99,0
Antique/Art/Craft,US,4390,7,Mon,4.99,0
Collectibles,US,4397,7,Fri,4.99,0
Collectibles,US,4397,7,Sat,4.99,0
Antique/Art/Craft,US,4397,7,Fri,4.99,0
Antique/Art/Craft,US,4397,7,Sat,4.99,0
Antique/Art/Craft,US,4398,7,Tue,4.99,0
Music/Movie/Game,US,9003,7,Mon,4.99,0
Music/Movie/Game,US,9003,7,Mon,4.99,0
Music/Movie/Game,US,9003,7,Mon,4.99,0
Music/Movie/Game,US,9003,7,Mon,4.99,0
Music/Movie/Game,EUR,351,10,Tue,6.140000001,0
Music/Movie/Game,GBP,365,10,Thu,8.909999999,0
Coins/Stamps,EUR,1017,10,Wed,6.140000001,0
Music/Movie/Game,EUR,1634,10,Mon,6.140000001,0
Music/Movie/Game,EUR,1634,10,Wed,6.140000001,0
Collectibles,EUR,533,3,Thu,6.15,0
Toys/Hobbies,US,3277,3,Sun,5,0
Toys/Hobbies,US,3277,3,Sun,5,0
SportingGoods,EUR,149,5,Tue,6.15,0
Toys/Hobbies,EUR,183,5,Sat,6.15,0
Home/Garden,US,326,5,Mon,5,0
Music/Movie/Game,US,673,7,Sun,5,0
Collectibles,EUR,1853,7,Fri,6.15,0
Collectibles,EUR,1853,7,Fri,6.15,0
Music/Movie/Game,EUR,1853,7,Fri,6.15,0
Collectibles,US,2696,7,Mon,5,0
Music/Movie/Game,US,5202,7,Mon,5,0
Books,EUR,5,10,Wed,6.15,0
Antique/Art/Craft,EUR,18,10,Sun,6.15,1
Toys/Hobbies,EUR,183,10,Thu,6.15,0
Books,EUR,294,10,Tue,6.15,0
Business/Industrial,EUR,756,10,Tue,6.15,0
Toys/Hobbies,EUR,765,10,Sat,6.15,0
Toys/Hobbies,EUR,765,10,Sat,6.15,0
Music/Movie/Game,EUR,1853,10,Tue,6.15,0
SportingGoods,US,1266,7,Mon,4.89,1
Antique/Art/Craft,US,2349,7,Mon,3.6,1
Home/Garden,EUR,730,3,Sat,1.229579699,1
SportingGoods,US,27132,5,Mon,0.99,1
Computer,US,454,3,Sat,0.99,1
Toys/Hobbies,EUR,2403,5,Mon,1.229724486,1
Toys/Hobbies,EUR,996,7,Tue,2.4477,1
Antique/Art/Craft,US,4390,7,Mon,3.99,1
Music/Movie/Game,US,9003,7,Mon,4.99,1
Coins/Stamps,US,1054,5,Mon,0.77,1
Toys/Hobbies,EUR,2403,5,Mon,1.229811321,1
Photography,US,1004,3,Fri,0.99,1
SportingGoods,US,1265,7,Fri,4.85,1
Clothing/Accessories,EUR,569,10,Thu,2.447301705,1
Antique/Art/Craft,US,2349,7,Tue,3.6,1
Home/Garden,EUR,1635,10,Fri,1.22972973,1
Music/Movie/Game,EUR,286,5,Sat,1.229818182,1
Collectibles,EUR,533,7,Fri,6.145454545,1
Clothing/Accessories,EUR,595,7,Mon,1.229818182,1
Business/Industrial,EUR,5701,10,Mon,1.229734642,1
Antique/Art/Craft,US,4398,3,Sat,5.25,0
Health/Beauty,US,4397,7,Fri,5.25,0
Home/Garden,US,2168,3,Sat,0.99,1
SportingGoods,US,27132,5,Mon,0.99,1
Antique/Art/Craft,EUR,1310,5,Sun,6.149012565,1
Home/Garden,EUR,1635,10,Wed,1.229787234,1
Home/Garden,EUR,1635,10,Wed,1.229787234,1
Computer,EUR,1,5,Mon,1.229824561,1
Books,US,3864,7,Mon,2.99,1
Antique/Art/Craft,US,2349,7,Fri,3.6,1
Home/Garden,EUR,1405,10,Mon,2.447013792,1
Pottery/Glass,US,380,7,Fri,4.5,1
Clothing/Accessories,EUR,595,7,Mon,1.229830508,1
Business/Industrial,US,8101,3,Sun,0.99,1
Antique/Art/Craft,US,2349,7,Mon,3.6,1
Books,US,3613,7,Sun,3.99,1
Toys/Hobbies,US,8100,1,Fri,4.99,1
Music/Movie/Game,GBP,197,7,Thu,5.355,1
Music/Movie/Game,GBP,200,7,Thu,8.925,1
Antique/Art/Craft,US,4390,7,Mon,5.49,0
Antique/Art/Craft,US,4390,7,Mon,5.49,0
Toys/Hobbies,US,3277,3,Sun,3,1
Toys/Hobbies,US,3385,7,Sat,4.99,1
Clothing/Accessories,EUR,2016,5,Mon,6.086065575,1
Collectibles,US,4398,5,Sun,5.5,0
Toys/Hobbies,EUR,58,7,Sun,6.76,0
Antique/Art/Craft,US,4390,7,Mon,5.52,0
Electronics,EUR,110,5,Sun,1.229911446,1
Clothing/Accessories,EUR,595,7,Mon,1.229836066,1
Home/Garden,EUR,1635,10,Wed,1.229836066,1
Collectibles,EUR,1179,10,Wed,1.229888816,1
Antique/Art/Craft,US,2349,7,Sun,3.6,1
Antique/Art/Craft,US,2349,7,Mon,3.6,1
Antique/Art/Craft,US,2349,7,Fri,3.6,1
Automotive,US,8101,3,Sun,0.99,1
SportingGoods,US,27132,5,Mon,0.99,1
SportingGoods,US,27132,5,Mon,0.99,1
Antique/Art/Craft,US,2349,7,Tue,3.6,1
Coins/Stamps,GBP,507,7,Thu,1.766840625,1
Computer,EUR,199,7,Sun,2.446781539,1
Antique/Art/Craft,US,2349,7,Mon,3.6,1
Music/Movie/Game,GBP,197,7,Thu,8.905230771,1
EverythingElse,US,1265,7,Fri,5.7,0
EverythingElse,US,1266,7,Mon,5.7,0
Clothing/Accessories,EUR,595,7,Mon,1.229846154,1
Toys/Hobbies,EUR,638,10,Wed,1.229846154,1
Antique/Art/Craft,US,2349,7,Tue,3.6,1
Collectibles,US,2220,3,Sat,0.99,1
Clothing/Accessories,EUR,595,7,Mon,1.22969697,1
Collectibles,US,25433,3,Sun,5.75,0
Antique/Art/Craft,US,4398,5,Mon,5.75,0
Antique/Art/Craft,US,4390,7,Mon,5.75,0
Antique/Art/Craft,US,2349,7,Mon,3.6,1
Music/Movie/Game,GBP,632,7,Thu,8.907522389,1
Clothing/Accessories,EUR,595,10,Sun,1.229850746,1
SportingGoods,US,31,7,Mon,0.99,1
Collectibles,US,2220,3,Sat,0.99,1
SportingGoods,US,27132,5,Mon,0.99,1
Toys/Hobbies,US,3277,3,Sun,4,1
Toys/Hobbies,EUR,58,10,Wed,6.152204835,1
Antique/Art/Craft,US,2349,7,Tue,3.6,1
Toys/Hobbies,US,3385,7,Sat,2.99,1
Jewelry,US,25433,1,Fri,5.95,0
Home/Garden,EUR,1405,10,Mon,2.4477,1
Clothing/Accessories,EUR,2038,5,Tue,2.447445863,1
Music/Movie/Game,GBP,265,1,Thu,10.69,0
Collectibles,US,76,3,Sun,5.99,0
Toys/Hobbies,US,809,3,Sat,5.99,0
Music/Movie/Game,US,1215,5,Mon,5.99,0
Music/Movie/Game,US,3955,5,Mon,5.99,0
Collectibles,US,4398,5,Sun,5.99,0
Jewelry,US,25433,5,Mon,5.99,0
Health/Beauty,US,1155,7,Fri,5.99,0
Health/Beauty,US,1155,7,Fri,5.99,0
Health/Beauty,US,1155,7,Sat,5.99,0
Health/Beauty,US,1155,7,Sun,5.99,0
Health/Beauty,US,1155,7,Sun,5.99,0
Health/Beauty,US,1155,7,Sun,5.99,0
Health/Beauty,US,1155,7,Tue,5.99,0
Books,US,2191,7,Mon,5.99,0
Music/Movie/Game,US,3227,7,Mon,5.99,0
Antique/Art/Craft,US,4390,7,Mon,5.99,0
Health/Beauty,US,4397,7,Fri,5.99,0
Music/Movie/Game,US,14479,7,Sun,5.99,0
Music/Movie/Game,EUR,1634,10,Mon,7.369999998,0
Automotive,US,10067,3,Sat,6,0
Music/Movie/Game,EUR,657,10,Tue,7.38,0
Collectibles,EUR,1304,10,Fri,7.38,0
Collectibles,EUR,1304,10,Fri,7.38,0
Clothing/Accessories,EUR,1351,5,Sun,1.229658428,1
Home/Garden,EUR,157,7,Fri,2.459744586,1
Clothing/Accessories,US,421,5,Sat,4.99,1
Collectibles,US,2220,3,Sat,0.99,1
Antique/Art/Craft,US,2349,7,Tue,3.6,1
SportingGoods,GBP,955,7,Thu,1.784594595,1
Jewelry,EUR,637,10,Tue,3.565426356,0
Clothing/Accessories,EUR,595,7,Mon,1.229866667,1
Computer,GBP,21,7,Thu,5.354916066,1
Antique/Art/Craft,US,2349,7,Sat,3.6,1
Antique/Art/Craft,US,2349,7,Tue,3.6,1
Collectibles,EUR,1545,10,Wed,2.447627031,1
Jewelry,EUR,2168,7,Fri,3.628841699,0
Collectibles,EUR,4680,7,Tue,3.675927636,0
SportingGoods,EUR,5701,10,Tue,3.675927636,0
Books,US,3864,7,Mon,5.99,1
Antique/Art/Craft,US,4390,7,Mon,5.99,1
Automotive,EUR,106,7,Sun,1.229655517,1
Clothing/Accessories,EUR,2016,5,Fri,3.56681128,1
Collectibles,US,2220,3,Sat,0.99,1
Collectibles,EUR,1179,7,Sun,1.229686342,1
Clothing/Accessories,EUR,37,5,Mon,1.22962963,1
SportingGoods,EUR,109,5,Tue,1.22962963,1
SportingGoods,US,27132,5,Mon,0.99,1
Antique/Art/Craft,US,2349,7,Sat,3.6,1
SportingGoods,EUR,109,5,Mon,1.229638554,1
Clothing/Accessories,EUR,41,7,Fri,1.229638554,1
Clothing/Accessories,GBP,121,7,Thu,1.766914286,1
Health/Beauty,US,1155,7,Fri,6.45,0
Electronics,EUR,137,10,Sun,1.229752463,1
SportingGoods,US,27132,5,Mon,0.99,1
Music/Movie/Game,US,439,3,Fri,6.47,0
Home/Garden,US,1405,5,Mon,3.99,1
Toys/Hobbies,US,3385,7,Sat,3.99,1
Antique/Art/Craft,US,4390,7,Mon,6.49,0
Toys/Hobbies,US,138,5,Sun,0.99,1
Music/Movie/Game,US,686,7,Sat,6.5,0
Music/Movie/Game,US,686,7,Sat,6.5,0
Music/Movie/Game,US,686,7,Sat,6.5,0
Music/Movie/Game,US,686,7,Sat,6.5,0
Music/Movie/Game,US,686,7,Sat,6.5,0
Music/Movie/Game,US,686,7,Sat,6.5,0
Music/Movie/Game,US,686,7,Sat,6.5,0
Music/Movie/Game,US,686,7,Sat,6.5,0
Music/Movie/Game,US,686,7,Sat,6.5,0
Music/Movie/Game,US,686,7,Sat,6.5,0
Music/Movie/Game,US,686,7,Sat,6.5,0
Music/Movie/Game,US,686,7,Sat,6.5,0
Music/Movie/Game,US,686,7,Sat,6.5,0
Music/Movie/Game,US,686,7,Sat,6.5,0
Music/Movie/Game,US,686,7,Sat,6.5,0
Music/Movie/Game,US,686,7,Sat,6.5,0
Music/Movie/Game,US,686,7,Sat,6.5,0
Music/Movie/Game,US,686,7,Sat,6.5,0
Music/Movie/Game,US,686,7,Sat,6.5,0
Music/Movie/Game,US,686,7,Sat,6.5,0
Music/Movie/Game,US,686,7,Sat,6.5,0
Music/Movie/Game,US,686,7,Sat,6.5,0
Music/Movie/Game,US,686,7,Sat,6.5,0
Music/Movie/Game,US,686,7,Sat,6.5,0
Music/Movie/Game,US,686,7,Sat,6.5,0
Music/Movie/Game,US,686,7,Sat,6.5,0
Music/Movie/Game,US,686,7,Sat,6.5,0
Toys/Hobbies,EUR,1197,10,Thu,1.229647059,1
Antique/Art/Craft,US,2349,7,Mon,3.6,1
Antique/Art/Craft,US,2349,7,Sat,3.6,1
Collectibles,EUR,93,10,Tue,1.229686791,1
Home/Garden,EUR,1405,10,Mon,2.447042003,1
Health/Beauty,US,1155,7,Sat,6.45,1
SportingGoods,US,216,7,Sat,6,1
Antique/Art/Craft,US,2349,7,Mon,3.6,1
Automotive,EUR,71,7,Sat,1.229720818,1
Music/Movie/Game,US,686,7,Sat,6.5,1
Collectibles,US,81,7,Sat,3.99,1
Home/Garden,EUR,1405,10,Sun,2.447115716,1
SportingGoods,US,1266,7,Tue,6.79,0
Clothing/Accessories,US,966,7,Fri,2.99,1
Home/Garden,EUR,118,7,Tue,1.229677419,1
Antique/Art/Craft,US,2349,7,Mon,3.6,1
Antique/Art/Craft,US,2349,7,Fri,3.6,1
Coins/Stamps,US,1054,5,Mon,0.77,1
SportingGoods,EUR,18,5,Mon,5.532857145,1
Collectibles,US,2220,3,Sat,0.99,1
Clothing/Accessories,EUR,158,3,Thu,8.490000003,0
Antique/Art/Craft,US,2349,7,Tue,3.6,1
Jewelry,EUR,5701,10,Mon,3.6777,1
SportingGoods,US,27132,5,Mon,0.99,1
Automotive,US,351,3,Fri,6.95,0
Automotive,US,351,3,Fri,6.95,0
Jewelry,EUR,1139,5,Sun,8.549999998,0
Home/Garden,EUR,91,10,Tue,1.229752066,1
SportingGoods,GBP,34,7,Thu,0.892371134,1
Toys/Hobbies,EUR,1911,10,Tue,3.676470228,1
Music/Movie/Game,US,50,3,Sat,6.99,0
Toys/Hobbies,US,1375,5,Sat,6.99,0
Antique/Art/Craft,US,1840,5,Sun,6.99,0
Automotive,US,1922,5,Mon,6.99,0
Collectibles,US,2179,5,Sun,6.99,0
Collectibles,US,2179,5,Sun,6.99,0
Collectibles,US,2179,5,Sun,6.99,0
Collectibles,US,2179,5,Sun,6.99,0
Collectibles,US,2179,5,Sun,6.99,1
Antique/Art/Craft,US,6655,5,Mon,6.99,0
Health/Beauty,US,1155,7,Fri,6.99,0
Health/Beauty,US,1155,7,Mon,6.99,0
Health/Beauty,US,1155,7,Mon,6.99,0
Music/Movie/Game,US,2993,7,Tue,6.99,0
Music/Movie/Game,US,3227,7,Sun,6.99,0
Collectibles,US,3613,7,Sun,6.99,0
Clothing/Accessories,US,3613,7,Sun,6.99,0
Antique/Art/Craft,US,3613,7,Sun,6.99,0
Antique/Art/Craft,US,4390,7,Fri,6.99,0
Antique/Art/Craft,US,4390,7,Fri,6.99,0
Antique/Art/Craft,US,4390,7,Fri,6.99,0
Antique/Art/Craft,US,4390,7,Fri,6.99,0
Antique/Art/Craft,US,4390,7,Mon,6.99,0
Toys/Hobbies,US,9003,7,Mon,6.99,0
Collectibles,US,25433,7,Sat,6.99,0
Antique/Art/Craft,US,4390,7,Mon,5.99,1
Collectibles,US,3277,3,Sun,7,0
Toys/Hobbies,US,22501,5,Mon,7,0
Music/Movie/Game,EUR,205,7,Sun,8.61,0
Jewelry,EUR,2168,7,Thu,8.61,0
Toys/Hobbies,US,2944,7,Tue,7,0
Music/Movie/Game,EUR,613,10,Tue,8.61,0
Antique/Art/Craft,EUR,266,3,Fri,1.22983871,1
Antique/Art/Craft,US,3613,7,Sun,3.99,1
Clothing/Accessories,EUR,393,10,Sat,2.446992095,1
Antique/Art/Craft,EUR,266,3,Thu,1.229748465,1
SportingGoods,US,27132,5,Mon,0.99,1
Antique/Art/Craft,US,2349,7,Tue,3.6,1
Health/Beauty,US,1155,7,Sat,6.99,1
Health/Beauty,US,9003,7,Mon,6.99,1
Toys/Hobbies,US,8100,1,Fri,4.99,1
Books,US,3864,7,Tue,4.99,1
Toys/Hobbies,US,22501,5,Mon,5,1
Toys/Hobbies,EUR,1313,7,Sun,2.446929725,1
Antique/Art/Craft,US,2349,7,Fri,3.6,1
Clothing/Accessories,EUR,2016,7,Sat,9.159999997,0
Collectibles,US,2696,7,Mon,5,1
Antique/Art/Craft,US,2349,7,Fri,3.6,1
Home/Garden,US,3613,7,Sun,6.99,1
Clothing/Accessories,EUR,1130,10,Fri,4.92,0
Electronics,EUR,71,10,Sun,1.229782686,1
Collectibles,US,2046,5,Fri,7.5,0
Collectibles,US,2046,5,Fri,7.5,0
Collectibles,US,2046,5,Fri,7.5,0
Collectibles,US,2046,5,Fri,7.5,0
Collectibles,US,2046,5,Fri,7.5,0
Collectibles,US,2046,5,Fri,7.5,0
Collectibles,US,2046,5,Fri,7.5,0
Collectibles,US,2046,5,Fri,7.5,0
Pottery/Glass,US,2944,7,Tue,7.5,0
Clothing/Accessories,EUR,393,10,Sun,2.446973314,1
Toys/Hobbies,US,1129,10,Sun,1,1
SportingGoods,EUR,1905,10,Tue,6.148825065,1
Clothing/Accessories,EUR,4153,10,Sat,2.459833796,1
Collectibles,US,2319,7,Mon,5.99,1
Collectibles,US,2046,5,Fri,7.5,1
Collectibles,EUR,1545,10,Tue,2.447523778,1
Home/Garden,EUR,56,7,Fri,1.229672131,1
Antique/Art/Craft,US,2349,7,Tue,3.6,1
Antique/Art/Craft,US,2349,7,Tue,3.6,1
Antique/Art/Craft,US,2349,7,Tue,3.6,1
Collectibles,US,2760,10,Sat,0.99,1
Toys/Hobbies,US,9003,7,Fri,4.99,1
Electronics,US,405,5,Sun,6.99,1
SportingGoods,US,27132,5,Mon,0.99,1
Collectibles,US,2179,5,Sun,6.99,1
Books,US,212,7,Fri,6.99,1
Antique/Art/Craft,US,2349,7,Fri,3.6,1
Automotive,US,351,3,Fri,7.95,0
Antique/Art/Craft,US,4390,7,Mon,7.95,1
Clothing/Accessories,EUR,1365,10,Sun,9.779999998,0
SportingGoods,US,27132,5,Mon,0.99,1
Antique/Art/Craft,EUR,266,3,Sat,1.22970639,1
Music/Movie/Game,US,50,3,Sat,7.99,0
Music/Movie/Game,US,50,3,Sat,7.99,0
Music/Movie/Game,US,50,3,Sat,7.99,1
Health/Beauty,US,1405,3,Sat,7.99,0
Music/Movie/Game,US,1215,5,Mon,7.99,0
Music/Movie/Game,US,1215,5,Mon,7.99,0
Music/Movie/Game,US,1215,5,Mon,7.99,0
Electronics,US,2132,5,Tue,7.99,0
Health/Beauty,US,1155,7,Fri,7.99,0
Health/Beauty,US,1155,7,Sat,7.99,0
Health/Beauty,US,1155,7,Sat,7.99,0
Health/Beauty,US,1155,7,Sun,7.99,0
Health/Beauty,US,1155,7,Sun,7.99,0
Health/Beauty,US,1155,7,Mon,7.99,0
Health/Beauty,US,1155,7,Mon,7.99,0
Toys/Hobbies,US,1375,7,Sun,7.99,0
Automotive,GBP,1390,7,Thu,14.26,0
Automotive,GBP,1390,7,Thu,14.26,0
Home/Garden,US,3613,7,Sun,7.99,0
Home/Garden,US,3613,7,Sun,7.99,0
Antique/Art/Craft,US,3613,7,Sun,7.99,0
Music/Movie/Game,EUR,205,7,Fri,9.84,0
SportingGoods,US,216,7,Sat,8,0
Antique/Art/Craft,EUR,618,7,Mon,9.84,0
Antique/Art/Craft,EUR,618,7,Mon,9.84,0
SportingGoods,EUR,5701,10,Thu,2.459375,0
Books,GBP,88,7,Thu,13.36811696,1
Music/Movie/Game,US,686,7,Sat,6.5,1
Home/Garden,EUR,200,7,Sun,5.533448274,0
Antique/Art/Craft,US,2349,7,Mon,3.6,1
Antique/Art/Craft,US,2349,7,Fri,3.6,1
SportingGoods,US,27132,5,Mon,0.99,1
SportingGoods,EUR,109,7,Wed,1.22969697,1
Electronics,EUR,4,10,Sat,1.22969697,1
Home/Garden,EUR,1405,10,Mon,2.446976255,1
Antique/Art/Craft,US,2349,7,Sun,3.6,1
Home/Garden,EUR,5701,10,Mon,2.459701492,1
Antique/Art/Craft,US,4390,7,Mon,8.2,0
Collectibles,US,2046,5,Fri,7.5,1
SportingGoods,US,106,3,Fri,1,1
Health/Beauty,US,1155,7,Mon,7.99,1
Health/Beauty,US,1155,7,Mon,7.99,1
Music/Movie/Game,GBP,632,7,Thu,8.90715,1
Automotive,EUR,479,7,Mon,1.229712323,1
Automotive,US,10,5,Mon,1,1
Antique/Art/Craft,US,2349,7,Mon,3.6,1
SportingGoods,US,27132,5,Mon,0.99,1
Toys/Hobbies,US,3385,7,Sat,6.99,1
Clothing/Accessories,EUR,1581,7,Thu,1.22971831,1
Home/Garden,EUR,1635,10,Wed,1.22971831,1
Collectibles,US,2046,5,Fri,7.5,1
Antique/Art/Craft,US,2349,7,Sun,3.6,1
Automotive,US,10067,3,Fri,8.5,0
Automotive,US,10067,3,Sat,8.5,0
Collectibles,US,25433,3,Sat,8.5,0
Collectibles,US,1135,10,Sun,0.99,1
Clothing/Accessories,EUR,2016,5,Fri,6.024697985,0
Clothing/Accessories,EUR,279,10,Tue,6.024697985,0
Automotive,GBP,88,7,Thu,12.47548572,1
Toys/Hobbies,US,22501,5,Mon,7,1
Clothing/Accessories,EUR,393,10,Sat,2.447162163,1
Antique/Art/Craft,US,2349,7,Fri,3.6,1
Clothing/Accessories,EUR,1365,10,Tue,6.085685618,0
Clothing/Accessories,EUR,1365,10,Tue,6.085685618,0
Clothing/Accessories,EUR,1365,10,Tue,6.085685618,0
Clothing/Accessories,EUR,1166,7,Tue,6.135136757,0
Clothing/Accessories,EUR,1166,7,Wed,6.135136757,0
Clothing/Accessories,EUR,1166,7,Tue,6.135136757,0
Health/Beauty,EUR,678,5,Mon,6.15,0
Antique/Art/Craft,EUR,618,7,Mon,6.15,0
Home/Garden,EUR,18,10,Sun,6.15,0
Toys/Hobbies,EUR,907,10,Wed,6.15,0
Antique/Art/Craft,US,4390,7,Mon,7.95,1
Music/Movie/Game,US,686,7,Sat,6.5,1
SportingGoods,US,27132,5,Mon,0.99,1
Automotive,US,6904,1,Fri,8.87,0
Music/Movie/Game,US,9003,7,Fri,7.49,1
Electronics,US,39,3,Sat,1,1
Jewelry,EUR,1139,5,Sun,11.01,1
Clothing/Accessories,EUR,1365,10,Wed,11.01,0
Home/Garden,EUR,1405,10,Sun,2.447075821,1
Music/Movie/Game,US,133,5,Sun,8.99,0
Music/Movie/Game,US,133,5,Sun,8.99,0
Health/Beauty,US,1155,7,Fri,8.99,0
Health/Beauty,US,1155,7,Sun,8.99,0
Health/Beauty,US,1155,7,Sun,8.99,0
Health/Beauty,US,1155,7,Sun,8.99,0
Health/Beauty,US,1155,7,Mon,8.99,0
Health/Beauty,US,1155,7,Mon,8.99,0
Health/Beauty,US,1155,7,Mon,8.99,0
Toys/Hobbies,US,3385,7,Sat,8.99,0
Toys/Hobbies,US,3385,7,Sat,8.99,0
Clothing/Accessories,US,3613,7,Sun,8.99,0
Home/Garden,US,3613,7,Sun,8.99,0
Jewelry,US,25433,7,Tue,8.99,0
Music/Movie/Game,US,37727,7,Sun,8.99,0
Clothing/Accessories,EUR,1349,7,Thu,11.07,0
Jewelry,EUR,2168,7,Thu,11.07,0
Jewelry,EUR,5701,10,Mon,11.07,0
SportingGoods,EUR,5701,10,Thu,11.07,0
SportingGoods,EUR,5701,10,Fri,11.07,0
SportingGoods,EUR,5701,10,Fri,11.07,0
SportingGoods,EUR,5701,10,Fri,11.07,0
SportingGoods,EUR,5701,10,Tue,11.07,0
SportingGoods,EUR,5701,10,Sat,11.07,0
Home/Garden,EUR,5701,10,Fri,11.07,0
Home/Garden,EUR,5701,10,Mon,11.07,0
Home/Garden,EUR,5701,10,Mon,11.07,0
Home/Garden,EUR,5701,10,Wed,11.07,0
Antique/Art/Craft,US,2349,7,Tue,3.6,1
Antique/Art/Craft,US,2349,7,Sat,3.6,1
Health/Beauty,US,1155,7,Sat,7.99,1
Antique/Art/Craft,US,181,5,Mon,3.99,1
Music/Movie/Game,US,686,7,Sat,6.5,1
Jewelry,EUR,2168,7,Sat,11.05514226,1
SportingGoods,EUR,5701,10,Mon,11.06526316,1
Jewelry,EUR,5769,10,Sat,11.06526316,1
SportingGoods,US,27132,5,Mon,0.99,1
Collectibles,US,3385,7,Sat,9.42,0
Clothing/Accessories,EUR,595,5,Thu,1.229750779,1
SportingGoods,EUR,5701,10,Wed,11.07,1
SportingGoods,EUR,5701,10,Thu,11.06793207,1
Books,EUR,1719,7,Sun,11.06586826,1
Toys/Hobbies,US,22501,5,Mon,9.5,0
Toys/Hobbies,US,22501,5,Mon,9.5,0
Music/Movie/Game,US,686,7,Sat,9.5,0
Music/Movie/Game,US,686,7,Sat,9.5,0
Music/Movie/Game,US,686,7,Sat,9.5,0
Music/Movie/Game,US,686,7,Sat,9.5,0
Music/Movie/Game,US,686,7,Sat,9.5,1
Electronics,EUR,384,7,Sat,1.22978022,1
Toys/Hobbies,US,1375,7,Sat,7.99,1
Photography,US,12,7,Mon,5,1
Business/Industrial,US,841,7,Sun,6.99,1
Antique/Art/Craft,EUR,524,5,Mon,1.229777635,1
Antique/Art/Craft,US,2349,7,Tue,3.6,1
Antique/Art/Craft,US,2349,7,Tue,3.6,1
Antique/Art/Craft,EUR,2507,10,Fri,8.595111114,1
Home/Garden,EUR,157,7,Fri,11.06571429,1
Jewelry,EUR,2168,7,Thu,4.857098121,0
Jewelry,EUR,2168,7,Wed,4.857098121,0
Jewelry,EUR,2168,7,Fri,6.086023723,1
Clothing/Accessories,EUR,1130,7,Tue,7.38,0
Toys/Hobbies,EUR,3375,10,Wed,7.38,0
Photography,US,121,3,Sun,0.5,1
Jewelry,EUR,2168,7,Sun,6.0885,1
Clothing/Accessories,EUR,4153,10,Sat,3.68909091,0
Automotive,US,351,3,Fri,9.95,0
Music/Movie/Game,US,2286,7,Mon,9.95,0
Music/Movie/Game,US,2286,7,Mon,9.95,0
Music/Movie/Game,US,2286,7,Mon,9.95,0
SportingGoods,US,5180,7,Fri,9.95,0
Coins/Stamps,US,5564,7,Mon,9.95,0
Collectibles,US,25433,7,Sat,9.95,0
Jewelry,US,25433,7,Sat,9.95,0
Clothing/Accessories,EUR,1365,10,Sun,12.24,0
Clothing/Accessories,EUR,1365,10,Tue,12.24,0
Clothing/Accessories,EUR,1365,10,Wed,12.24,0
Clothing/Accessories,EUR,1365,10,Wed,12.24,0
Clothing/Accessories,EUR,1365,10,Wed,12.24,0
Clothing/Accessories,EUR,1365,10,Thu,12.24,0
Clothing/Accessories,EUR,1365,10,Thu,12.24,0
Clothing/Accessories,EUR,1365,10,Thu,12.24,0
Clothing/Accessories,EUR,1365,10,Thu,12.24,0
Clothing/Accessories,EUR,1365,10,Thu,12.24,0
Collectibles,EUR,537,10,Thu,10.95387097,1
Automotive,US,18,3,Sat,9.99,0
Collectibles,US,626,3,Sun,9.99,0
Home/Garden,US,2169,3,Sun,9.99,0
Home/Garden,US,2169,3,Sun,9.99,0
Music/Movie/Game,US,5017,3,Sat,9.99,1
SportingGoods,US,30594,3,Sun,9.99,0
Music/Movie/Game,US,133,5,Sun,9.99,0
Jewelry,EUR,942,5,Sun,12.29,0
Automotive,US,957,5,Tue,9.99,0
Home/Garden,US,1127,5,Mon,9.99,0
Collectibles,US,1265,5,Mon,9.99,0
Computer,US,1405,5,Mon,9.99,0
Electronics,EUR,65,7,Thu,12.29,0
SportingGoods,US,216,7,Sat,9.99,0
Pottery/Glass,US,541,7,Sun,9.99,0
Automotive,US,688,7,Sat,9.99,0
EverythingElse,US,814,7,Mon,9.99,0
EverythingElse,US,814,7,Mon,9.99,0
EverythingElse,US,814,7,Mon,9.99,0
Collectibles,US,985,7,Sun,9.99,0
Collectibles,US,1256,7,Sun,9.99,0
Books,US,1256,7,Sun,9.99,0
Toys/Hobbies,US,1375,7,Sat,9.99,0
Toys/Hobbies,US,1375,7,Sat,9.99,0
Toys/Hobbies,US,1375,7,Sat,9.99,1
Music/Movie/Game,US,2993,7,Tue,9.99,0
Coins/Stamps,GBP,3380,7,Thu,17.83,0
Collectibles,US,3385,7,Sat,9.99,0
Collectibles,US,3385,7,Sat,9.99,0
Toys/Hobbies,US,3385,7,Sat,9.99,1
Collectibles,US,3613,7,Sun,9.99,0
Antique/Art/Craft,US,4390,7,Fri,9.99,0
Collectibles,EUR,4680,7,Tue,12.29,0
Clothing/Accessories,US,5450,7,Fri,9.99,0
Clothing/Accessories,US,5450,7,Sat,9.99,0
Clothing/Accessories,US,5450,7,Sat,9.99,0
Jewelry,US,9003,7,Mon,9.99,0
Automotive,US,9003,7,Mon,9.99,0
Computer,US,9003,7,Fri,9.99,0
Music/Movie/Game,US,37727,7,Sun,9.99,0
Health/Beauty,EUR,83,10,Sun,12.29,0
Health/Beauty,EUR,83,10,Sun,12.29,0
EverythingElse,US,1124,10,Mon,9.99,0
Automotive,EUR,163,10,Sun,1.229745949,1
Music/Movie/Game,EUR,1853,7,Fri,12.3,0
Clothing/Accessories,EUR,3375,10,Thu,12.3,0
Automotive,EUR,163,7,Thu,1.22970297,1
Collectibles,EUR,19,10,Sat,1.22970297,1
Collectibles,US,20,5,Mon,0.99,1
Electronics,EUR,27,10,Sun,1.229708738,1
Antique/Art/Craft,US,2349,7,Sat,3.6,1
Jewelry,EUR,1139,3,Fri,12.23516747,1
Music/Movie/Game,US,1647,5,Mon,9.95,1
SportingGoods,US,27132,5,Mon,0.99,1
Music/Movie/Game,US,5017,3,Sat,9.99,1
SportingGoods,US,5450,7,Sat,9.99,1
SportingGoods,US,5450,7,Sun,9.99,1
Business/Industrial,US,8101,3,Sun,9.99,1
Collectibles,US,985,7,Sun,9.99,1
Collectibles,EUR,533,7,Fri,6.14761905,1
Collectibles,US,541,7,Sun,9.99,1
Collectibles,GBP,18,7,Thu,10.70758928,1
SportingGoods,US,27132,5,Mon,0.99,1
Clothing/Accessories,EUR,1365,10,Thu,6.086174495,1
SportingGoods,US,27132,5,Mon,0.99,1
Health/Beauty,US,1155,7,Sun,8.99,1
Photography,EUR,182,10,Sun,12.28366817,1
Toys/Hobbies,US,3385,7,Sat,8.99,1
SportingGoods,US,27132,5,Mon,0.99,1
Collectibles,US,2220,3,Sat,0.99,1
Antique/Art/Craft,US,2349,7,Mon,3.6,1
Antique/Art/Craft,US,4390,7,Mon,9.99,1
Jewelry,US,9003,7,Fri,9.99,1
Clothing/Accessories,EUR,595,5,Mon,1.229713293,1
Clothing/Accessories,EUR,595,5,Mon,1.229741379,1
SportingGoods,US,27132,5,Mon,0.99,1
Toys/Hobbies,US,3385,7,Sat,8.99,1
Automotive,US,18,3,Sat,4,1
SportingGoods,US,27132,5,Mon,0.99,1
Jewelry,EUR,2168,7,Sun,13.47,0
Collectibles,US,5257,3,Fri,10.99,0
Collectibles,US,5257,3,Fri,10.99,0
Collectibles,US,5257,3,Sat,10.99,0
Books,US,2191,5,Sun,10.99,0
EverythingElse,US,4397,7,Fri,10.99,0
Toys/Hobbies,US,22501,5,Mon,11,0
SportingGoods,US,27132,5,Mon,0.99,1
SportingGoods,US,27132,5,Mon,0.99,1
Antique/Art/Craft,US,2349,10,Mon,3.6,1
Clothing/Accessories,EUR,164,7,Tue,6.025622492,0
Home/Garden,EUR,1329,10,Wed,6.025622492,0
SportingGoods,US,27132,5,Mon,0.99,1
Music/Movie/Game,US,3227,7,Mon,9.99,1
Jewelry,EUR,2168,7,Sat,8.608000002,1
Home/Garden,EUR,157,7,Fri,11.06730066,1
Health/Beauty,US,1155,7,Mon,7.99,1
Electronics,US,405,5,Sun,9.99,1
Toys/Hobbies,US,1375,7,Sat,9.99,1
Business/Industrial,GBP,404,5,Thu,17.83135714,1
SportingGoods,US,27132,5,Mon,0.99,1
SportingGoods,US,27132,5,Mon,0.99,1
Collectibles,US,166,5,Sun,6,1
Toys/Hobbies,US,1375,7,Sat,9.99,1
Automotive,US,18,3,Sat,9.99,1
Automotive,US,584,5,Sat,5,1
Jewelry,US,4556,5,Sat,5,1
Automotive,EUR,305,10,Sun,1.229712192,1
Toys/Hobbies,US,22501,5,Mon,10,1
Collectibles,US,25433,7,Sat,11.5,0
SportingGoods,US,27132,5,Mon,0.99,1
SportingGoods,US,27132,5,Mon,0.99,1
Toys/Hobbies,US,22501,5,Mon,9.5,1
Music/Movie/Game,US,1647,5,Mon,9.95,1
Collectibles,US,541,7,Sun,8.99,1
SportingGoods,US,27132,5,Mon,0.99,1
SportingGoods,US,27132,5,Mon,0.99,1
Automotive,US,352,3,Sat,11.95,0
Collectibles,US,3385,7,Sat,11.95,0
SportingGoods,EUR,5701,10,Mon,11.06825297,1
EverythingElse,US,814,3,Fri,11.99,0
Home/Garden,US,2168,3,Sat,11.99,0
Collectibles,US,3385,7,Sat,11.99,0
Collectibles,US,3385,7,Sat,11.99,0
Collectibles,US,3385,7,Sat,11.99,0
Collectibles,US,3385,7,Sat,11.99,0
Collectibles,US,3385,7,Sat,11.99,0
Automotive,US,10067,3,Fri,12,0
Automotive,US,10067,3,Fri,12,0
Toys/Hobbies,EUR,392,7,Sun,9.84,0
Jewelry,GBP,593,7,Thu,21.42,0
Toys/Hobbies,EUR,3375,7,Sun,9.84,0
Clothing/Accessories,EUR,846,10,Wed,9.84,0
SportingGoods,US,27132,5,Mon,0.99,1
Music/Movie/Game,US,686,7,Sat,6.5,1
Antique/Art/Craft,US,2349,7,Fri,3.6,1
Collectibles,EUR,2168,7,Tue,11.06859206,1
Electronics,US,841,5,Mon,4.99,1
SportingGoods,US,27132,5,Mon,0.99,1
Coins/Stamps,US,5564,7,Fri,12.25,0
SportingGoods,US,27132,5,Mon,0.99,1
Electronics,EUR,844,10,Fri,1.229735099,1
Electronics,EUR,50,5,Fri,1.229743996,1
Clothing/Accessories,EUR,846,10,Wed,9.83840504,1
SportingGoods,US,27132,5,Mon,0.99,1
Automotive,US,523,7,Fri,9.99,1
Toys/Hobbies,US,1375,7,Sat,9.99,1
Toys/Hobbies,US,1375,7,Sat,9.99,1
Collectibles,US,3385,7,Sat,9.99,1
Collectibles,US,3385,7,Sat,11.99,1
Automotive,EUR,479,7,Mon,1.22974359,1
Automotive,US,10067,3,Sat,12.5,0
Collectibles,US,3385,7,Sat,11.99,1
Collectibles,EUR,709,10,Fri,6.136180201,1
Electronics,EUR,10,10,Sat,1.229751553,1
Toys/Hobbies,US,22501,5,Mon,12.5,1
Home/Garden,EUR,100,10,Fri,9.838048784,1
Home/Garden,EUR,100,10,Fri,9.838048784,1
Collectibles,US,541,7,Sun,9.99,1
Antique/Art/Craft,US,131,10,Fri,9.99,1
Music/Movie/Game,US,5812,5,Tue,12.92,0
Photography,EUR,6,3,Thu,1.229760479,1
Electronics,EUR,825,5,Mon,1.229760479,1
Clothing/Accessories,EUR,370,7,Thu,6.136612953,1
Collectibles,US,2220,3,Sat,0.99,1
Collectibles,US,5257,3,Sat,12.99,0
Automotive,US,10067,3,Sat,12.99,0
Jewelry,US,983,5,Mon,12.99,0
Toys/Hobbies,EUR,3090,10,Tue,11.05405476,0
Home/Garden,EUR,730,5,Tue,11.07,0
Clothing/Accessories,EUR,1166,7,Wed,11.07,0
SportingGoods,EUR,5701,10,Sun,11.07,0
SportingGoods,EUR,5701,10,Mon,11.07,0
SportingGoods,EUR,5701,10,Mon,11.07,0
EverythingElse,US,56,7,Mon,0.99,1
Jewelry,EUR,2168,7,Sun,11.00688946,1
Automotive,US,206,5,Sun,9.95,1
Collectibles,US,576,7,Sun,9.99,1
Health/Beauty,US,1155,7,Fri,12.99,1
SportingGoods,EUR,5701,10,Thu,11.06769231,1
Music/Movie/Game,US,686,7,Sat,6.5,1
Collectibles,US,387,7,Sat,5,1
Music/Movie/Game,US,1647,5,Mon,9.95,1
Toys/Hobbies,US,3277,3,Sun,7,1
Toys/Hobbies,US,22501,5,Mon,13,1
Music/Movie/Game,US,123,7,Tue,5,1
Collectibles,US,988,7,Mon,6.75,1
Music/Movie/Game,US,1647,5,Mon,9.95,1
Pottery/Glass,GBP,36,7,Thu,1.766837369,1
EverythingElse,US,59,3,Sat,9.99,1
Books,EUR,1719,1,Sat,11.93050762,0
SportingGoods,US,5271,5,Fri,13.95,0
Collectibles,US,3613,7,Sun,9.99,1
Music/Movie/Game,US,9003,7,Mon,7.49,1
Music/Movie/Game,US,1647,5,Mon,9.95,1
SportingGoods,US,1265,5,Sat,13.99,0
Jewelry,EUR,2168,7,Mon,11.00443182,1
Health/Beauty,EUR,678,7,Wed,5.460081009,0
Jewelry,EUR,2168,3,Thu,12.23426065,0
Jewelry,EUR,2168,5,Mon,12.23426065,0
Clothing/Accessories,EUR,1122,10,Sat,12.23426065,0
Collectibles,US,3385,7,Sat,11.99,1
Automotive,US,362,5,Mon,1,1
Clothing/Accessories,EUR,1661,7,Wed,12.28385192,0
Electronics,EUR,69,7,Mon,1.22975,1
SportingGoods,US,27132,5,Mon,0.99,1
Antique/Art/Craft,US,2349,7,Mon,3.6,1
Clothing/Accessories,EUR,2016,5,Sat,6.14814815,1
Books,US,1192,7,Mon,1,1
Collectibles,US,359,7,Tue,9.99,1
Music/Movie/Game,US,1647,5,Mon,9.95,1
Music/Movie/Game,US,133,5,Mon,8.99,1
Pottery/Glass,US,1602,7,Mon,9.99,1
SportingGoods,EUR,5701,10,Tue,12.28414432,1
SportingGoods,US,27132,5,Mon,0.99,1
Music/Movie/Game,US,1215,5,Mon,7.99,1
Home/Garden,US,3613,7,Sun,12.99,1
SportingGoods,US,27132,5,Mon,0.99,1
SportingGoods,US,27132,5,Mon,0.99,1
Collectibles,US,985,7,Sun,9.99,1
Home/Garden,EUR,5701,5,Fri,7.378333332,0
Home/Garden,EUR,5701,10,Sun,7.378333332,0
Toys/Hobbies,US,60,5,Sat,9.99,1
Electronics,EUR,30,3,Sun,1.229772727,1
SportingGoods,US,302,7,Sun,2.85,1
Music/Movie/Game,US,5811,3,Sat,14.92,0
Toys/Hobbies,US,534,7,Sun,14.95,0
Toys/Hobbies,US,534,7,Sun,14.95,0
Toys/Hobbies,US,534,7,Sun,14.95,0
Toys/Hobbies,US,534,7,Sun,14.95,0
Collectibles,US,25433,7,Fri,14.95,0
Collectibles,US,25433,7,Fri,14.95,0
Collectibles,US,25433,7,Fri,14.95,0
Collectibles,US,25433,7,Fri,14.95,0
Jewelry,US,25433,7,Fri,14.95,0
Jewelry,US,25433,7,Fri,14.95,0
Jewelry,US,25433,7,Fri,14.95,0
Jewelry,US,25433,7,Fri,14.95,0
Jewelry,US,25433,7,Fri,14.95,0
Jewelry,US,25433,7,Fri,14.95,0
Jewelry,US,25433,7,Fri,14.95,0
Jewelry,US,25433,7,Fri,14.95,0
Collectibles,US,5257,3,Fri,14.99,0
Collectibles,US,5257,3,Fri,14.99,0
Collectibles,US,5257,3,Sat,14.99,0
Jewelry,US,790,5,Mon,14.99,0
Music/Movie/Game,US,1215,5,Tue,14.99,0
Toys/Hobbies,US,534,7,Sun,14.99,0
Music/Movie/Game,US,2993,7,Fri,14.99,0
Music/Movie/Game,US,3306,7,Sun,14.99,0
Home/Garden,US,3613,7,Sun,14.99,0
Automotive,US,4457,3,Fri,15,0
Automotive,US,10067,3,Sat,15,0
Toys/Hobbies,US,22501,5,Mon,15,0
SportingGoods,US,27132,5,Mon,0.99,1
Music/Movie/Game,EUR,5052,10,Wed,11.06616182,1
Jewelry,EUR,2168,7,Fri,11.0067451,1
Computer,US,3896,1,Fri,1,1
Collectibles,US,366,7,Sat,0.99,1
Toys/Hobbies,US,25433,7,Fri,14.95,1
Jewelry,US,25433,7,Fri,14.95,1
Business/Industrial,US,2168,3,Sat,14.99,1
Collectibles,US,5257,3,Sat,14.99,1
Toys/Hobbies,US,22501,5,Mon,15,1
Antique/Art/Craft,US,2349,7,Tue,3.6,1
Collectibles,US,336,7,Mon,2,1
Toys/Hobbies,US,22501,5,Mon,15,1
Toys/Hobbies,US,1375,7,Sat,9.99,1
Books,GBP,201,7,Thu,16.04597347,1
Music/Movie/Game,US,5812,5,Tue,15.92,0
Toys/Hobbies,US,534,7,Sun,14.95,1
Clothing/Accessories,EUR,278,7,Sat,12.28574118,1
Automotive,US,957,5,Tue,15.99,0
Toys/Hobbies,US,22501,5,Mon,16,0
Toys/Hobbies,US,22501,5,Mon,16,0
EverythingElse,US,1574,7,Mon,9.95,1
Toys/Hobbies,US,67,5,Sun,9.99,1
Collectibles,US,985,7,Sun,9.99,1
Collectibles,US,1540,7,Sun,9.99,1
Music/Movie/Game,US,2993,7,Tue,9.99,1
Music/Movie/Game,US,28,7,Fri,10,1
Health/Beauty,US,109,5,Mon,11.99,1
SportingGoods,EUR,5701,3,Thu,11.06689655,0
SportingGoods,EUR,5701,10,Tue,11.06689655,0
SportingGoods,EUR,5701,10,Sat,11.06689655,0
Toys/Hobbies,US,534,7,Sun,14.95,1
Toys/Hobbies,US,534,7,Sun,14.95,1
Computer,US,24,3,Sat,0.99,1
Music/Movie/Game,US,2993,7,Fri,14.99,1
Toys/Hobbies,US,22501,5,Mon,16,1
SportingGoods,US,27132,5,Mon,0.99,1
SportingGoods,US,27132,5,Mon,0.99,1
Automotive,US,10067,3,Fri,16.5,0
Clothing/Accessories,EUR,4641,10,Thu,6.136093834,0
SportingGoods,US,134,1,Fri,0.99,1
Computer,US,112,7,Sun,9.99,1
Home/Garden,US,3613,7,Sun,8.99,1
Collectibles,US,5257,3,Fri,16.99,0
Collectibles,US,5257,3,Fri,16.99,0
Toys/Hobbies,US,534,7,Sun,14.95,1
SportingGoods,US,27132,5,Mon,0.99,1
Clothing/Accessories,EUR,164,7,Tue,12.17468227,0
Clothing/Accessories,EUR,164,7,Tue,12.17468227,0
Clothing/Accessories,EUR,164,7,Wed,12.17468227,0
Clothing/Accessories,EUR,164,7,Tue,12.17468227,0
Jewelry,EUR,2168,7,Tue,11.06865671,1
SportingGoods,US,27132,5,Mon,0.99,1
Music/Movie/Game,US,3277,3,Sun,9,1
Computer,US,24,3,Sun,0.99,1
Toys/Hobbies,US,2262,7,Sun,4.95,1
Collectibles,US,110,1,Fri,9.99,1
Collectibles,EUR,442,10,Wed,1.229750201,1
Electronics,US,148,7,Mon,5.99,1
Music/Movie/Game,US,2993,7,Fri,14.99,1
Jewelry,US,2046,7,Fri,17.95,0
Jewelry,US,2046,7,Fri,17.95,0
Jewelry,US,2046,7,Fri,17.95,0
Jewelry,US,2046,7,Fri,17.95,0
Music/Movie/Game,US,1647,5,Mon,9.95,1
Automotive,US,2433,3,Fri,18,0
Automotive,US,10067,3,Sat,18,0
Toys/Hobbies,US,22501,5,Mon,16,1
Toys/Hobbies,US,22501,5,Mon,16,1
Collectibles,US,985,7,Sun,9.99,1
Automotive,US,10067,3,Sat,18,1
SportingGoods,US,1266,5,Sun,18.25,0
Collectibles,US,985,7,Sun,9.99,1
Toys/Hobbies,US,634,1,Fri,18.49,0
Toys/Hobbies,US,25433,7,Sun,18.5,0
Toys/Hobbies,US,25433,7,Sun,18.5,0
Home/Garden,US,678,10,Sun,8.5,1
SportingGoods,GBP,22,7,Thu,17.82786858,1
Clothing/Accessories,EUR,164,5,Mon,12.17560563,1
Clothing/Accessories,EUR,164,7,Tue,12.17541445,1
Clothing/Accessories,EUR,164,7,Tue,12.17506964,1
Home/Garden,EUR,5701,10,Fri,11.06833713,1
Music/Movie/Game,US,1647,5,Mon,9.95,1
Toys/Hobbies,US,1848,7,Sun,9.99,1
Health/Beauty,US,4398,1,Fri,18.99,0
Clothing/Accessories,US,837,3,Sun,18.99,0
Automotive,US,10067,3,Fri,18.99,0
Health/Beauty,US,4398,5,Mon,18.99,0
Health/Beauty,US,4398,5,Mon,18.99,0
Automotive,US,1364,7,Mon,18.99,0
Clothing/Accessories,EUR,37,3,Sat,11.06666667,1
Automotive,US,10067,3,Fri,19,1
Collectibles,US,387,7,Sat,5,1
Automotive,US,10067,3,Sat,19.5,0
Electronics,EUR,316,10,Wed,9.838333336,0
Clothing/Accessories,EUR,164,5,Mon,12.17526315,0
Clothing/Accessories,EUR,164,7,Wed,12.17526315,0
Clothing/Accessories,EUR,164,7,Wed,12.17526315,1
Jewelry,US,11576,3,Fri,19.95,0
Jewelry,US,2046,5,Fri,19.95,0
Jewelry,US,2046,5,Sat,19.95,0
Computer,US,4028,5,Mon,19.95,0
Toys/Hobbies,US,534,7,Sun,19.95,0
Jewelry,US,2046,7,Mon,19.95,0
Jewelry,US,2046,7,Mon,19.95,0
Jewelry,US,2046,7,Mon,19.95,0
Jewelry,US,790,5,Mon,19.99,0
Automotive,US,957,5,Tue,19.99,0
Toys/Hobbies,US,1051,5,Sun,19.99,0
Antique/Art/Craft,US,1220,5,Mon,19.99,0
Music/Movie/Game,US,2993,7,Fri,19.99,0
Antique/Art/Craft,US,4390,7,Mon,19.99,0
Collectibles,US,664,3,Sat,20,0
Home/Garden,EUR,730,5,Tue,24.6,0
Toys/Hobbies,US,22501,5,Mon,20,0
Toys/Hobbies,US,22501,5,Mon,20,0
Computer,EUR,127,5,Sun,1.229757562,1
Photography,US,801,3,Sat,14.99,1
Music/Movie/Game,US,2993,7,Fri,14.99,1
Electronics,EUR,306,7,Wed,1.229750282,1
Music/Movie/Game,US,133,5,Mon,8.99,1
Toys/Hobbies,US,22501,5,Mon,20,1
Toys/Hobbies,US,22501,5,Mon,20,1
Toys/Hobbies,US,22501,5,Mon,20,1
Coins/Stamps,EUR,627,10,Tue,11.06804348,1
Computer,US,434,7,Sun,9.99,1
SportingGoods,US,542,7,Tue,14.99,1
Toys/Hobbies,US,756,3,Sun,20.5,0
Electronics,US,2358,5,Mon,9.99,1
Toys/Hobbies,US,3385,7,Sat,9.99,1
Music/Movie/Game,GBP,277,7,Thu,17.84651163,1
SportingGoods,US,5271,7,Sat,20.95,0
Automotive,US,10067,3,Fri,21,0
Automotive,US,10067,3,Fri,21,0
Automotive,US,10067,3,Fri,21,0
Automotive,US,10067,3,Fri,21,0
Automotive,US,10067,3,Sat,21,0
Automotive,US,10067,3,Sat,21,0
Toys/Hobbies,US,22501,5,Mon,20,1
Clothing/Accessories,EUR,164,5,Mon,12.17373627,1
Clothing/Accessories,EUR,164,7,Tue,12.17373627,1
Collectibles,US,3385,7,Sat,11.99,1
SportingGoods,US,3162,5,Mon,1,1
Automotive,US,501,7,Mon,9,1
SportingGoods,US,4283,5,Mon,19.99,1
Toys/Hobbies,US,534,7,Sun,19.95,1
Toys/Hobbies,US,22501,5,Mon,18,1
Automotive,US,83,5,Mon,9.99,1
Antique/Art/Craft,US,4397,7,Sat,21.99,0
Automotive,US,816,3,Sat,22,0
Clothing/Accessories,EUR,164,5,Mon,12.1751927,1
Automotive,US,2433,3,Fri,22,1
Jewelry,US,2046,5,Sat,19.95,1
Clothing/Accessories,EUR,164,7,Tue,12.17505883,1
Automotive,US,8101,3,Sun,9.99,1
Collectibles,US,6586,3,Sat,19.99,1
Toys/Hobbies,US,1820,10,Sun,9.99,1
Toys/Hobbies,US,1809,7,Sun,19.99,1
Collectibles,US,5257,3,Sat,16.95,1
Computer,EUR,127,5,Sat,1.229752852,1
Electronics,US,572,7,Mon,22.95,0
Electronics,US,572,7,Tue,22.95,0
SportingGoods,EUR,1405,7,Thu,11.06847457,0
SportingGoods,EUR,1405,7,Thu,11.06847457,0
Toys/Hobbies,US,534,7,Sun,14.95,1
Automotive,US,10067,3,Fri,23,1
Toys/Hobbies,EUR,58,10,Wed,24.59558824,1
Music/Movie/Game,EUR,205,7,Fri,24.59636364,1
Home/Garden,US,1304,7,Sun,23.5,0
Jewelry,US,25433,7,Mon,23.5,0
Toys/Hobbies,US,534,7,Sun,19.99,1
Clothing/Accessories,EUR,164,7,Tue,12.17376362,1
Clothing/Accessories,EUR,164,5,Mon,12.17419032,0
Automotive,EUR,32,7,Mon,1.229747475,1
Home/Garden,US,1620,10,Mon,9.95,1
Clothing/Accessories,EUR,164,5,Mon,12.1737541,1
Home/Garden,US,354,5,Sun,0.99,1
Home/Garden,US,280,3,Sat,24.77,0
Books,GBP,1029,7,Thu,8.905730081,1
Jewelry,US,790,5,Mon,19.99,1
Automotive,US,351,3,Fri,24.95,0
Automotive,US,10067,3,Fri,24.95,0
Jewelry,US,11576,5,Tue,24.95,0
Toys/Hobbies,US,3385,7,Sat,24.95,0
Collectibles,US,1779,1,Fri,24.99,0
Home/Garden,US,4398,3,Sun,24.99,0
Automotive,US,1163,7,Tue,24.99,0
Collectibles,US,2944,7,Tue,24.99,1
Music/Movie/Game,US,3004,7,Sun,24.99,0
Electronics,US,9747,5,Tue,25,0
Toys/Hobbies,US,5939,10,Mon,25,0
Clothing/Accessories,EUR,164,5,Mon,12.174,1
SportingGoods,US,62,5,Mon,9.99,1
Collectibles,US,359,7,Mon,9.99,1
Toys/Hobbies,US,534,7,Sun,19.99,1
Automotive,EUR,45,5,Mon,1.22974359,1
Toys/Hobbies,US,88,5,Mon,9.99,1
Automotive,EUR,536,10,Tue,11.06772152,0
Books,US,8,5,Sun,15,1
Electronics,US,148,7,Mon,5.99,1
Health/Beauty,US,1155,7,Sun,26.99,0
Antique/Art/Craft,US,4390,7,Fri,27,0
Coins/Stamps,US,5564,7,Fri,27,0
Collectibles,US,985,7,Sun,9.99,1
Collectibles,US,5257,3,Sat,27.95,0
SportingGoods,US,17,7,Sun,9.99,1
Clothing/Accessories,EUR,164,7,Tue,12.17489362,0
Collectibles,US,704,7,Mon,24.99,1
Toys/Hobbies,US,534,7,Sun,19.95,1
Automotive,US,112,5,Mon,28.99,0
Automotive,US,816,5,Mon,29,0
Clothing/Accessories,US,1100,3,Sun,9.99,1
Electronics,US,2358,5,Mon,9.99,1
Collectibles,US,3325,3,Sat,9.99,1
Collectibles,US,957,3,Sat,9.99,1
Toys/Hobbies,US,534,7,Sun,29.95,0
Photography,US,572,7,Tue,29.95,0
Toys/Hobbies,US,3385,7,Sat,29.95,0
Toys/Hobbies,US,3385,7,Sat,29.95,0
Home/Garden,US,841,3,Sat,29.99,0
Toys/Hobbies,US,534,7,Sun,29.99,0
Collectibles,GBP,1147,7,Thu,53.52,0
Health/Beauty,US,1155,7,Sun,29.99,0
Collectibles,US,1256,7,Mon,29.99,0
Coins/Stamps,US,5564,7,Sat,29.99,0
Music/Movie/Game,EUR,7,3,Sat,36.89000001,0
Toys/Hobbies,US,2218,3,Sun,30,0
Photography,US,572,5,Mon,30,0
Automotive,US,33,7,Fri,10,1
Clothing/Accessories,EUR,164,7,Tue,12.1749375,1
Collectibles,US,6787,7,Sun,16.99,1
Automotive,US,1364,5,Sun,30.95,0
Automotive,US,361,1,Fri,31,0
Home/Garden,US,933,1,Fri,19.99,1
Music/Movie/Game,GBP,277,7,Thu,17.84705882,1
SportingGoods,US,5271,7,Sun,31.95,0
Automotive,US,4457,7,Mon,32,0
Toys/Hobbies,US,534,7,Sun,29.95,1
Automotive,US,29,5,Mon,24.99,1
Toys/Hobbies,US,22501,5,Mon,30,1
Automotive,US,352,5,Sun,32.95,0
Antique/Art/Craft,US,4390,7,Mon,32.95,0
Electronics,US,2358,5,Mon,9.99,1
Toys/Hobbies,US,2304,7,Mon,31,1
Automotive,US,2427,3,Sat,33.95,0
Automotive,US,2427,3,Sun,33.95,0
Automotive,US,2427,3,Sun,33.95,0
Computer,US,320,3,Sat,9.99,1
Computer,US,320,3,Sat,9.99,1
Automotive,US,671,5,Sun,34.95,0
Collectibles,US,25433,5,Sun,34.95,0
Toys/Hobbies,US,1405,3,Sat,34.99,0
Music/Movie/Game,US,3004,7,Sun,34.99,0
Music/Movie/Game,US,3004,7,Sun,34.99,0
Music/Movie/Game,US,3004,7,Sun,34.99,0
Music/Movie/Game,US,3004,7,Sun,34.99,0
Automotive,US,4457,7,Tue,35,0
Computer,US,320,3,Sat,9.99,1
Toys/Hobbies,US,180,7,Sat,24.95,1
SportingGoods,US,62,5,Mon,9.99,1
Music/Movie/Game,US,3004,7,Sun,34.99,1
Automotive,US,1364,7,Tue,35.99,0
Coins/Stamps,US,5564,5,Mon,36,0
Toys/Hobbies,US,1222,5,Mon,30,1
Automotive,US,2427,3,Sun,33.95,1
Coins/Stamps,US,5564,5,Mon,37,0
Music/Movie/Game,US,3004,7,Sun,34.99,1
Automotive,US,10067,3,Fri,37.95,0
Toys/Hobbies,US,29,7,Sat,9.99,1
Clothing/Accessories,US,2944,7,Tue,24.99,1
Automotive,US,29,1,Fri,5,1
Automotive,US,2427,3,Sun,38.99,0
Automotive,US,2427,3,Sun,38.99,0
Automotive,US,2427,3,Sun,38.99,0
Collectibles,US,5,5,Sun,19.99,1
Music/Movie/Game,US,3004,7,Sun,34.99,1
Automotive,US,10067,3,Sat,39.5,0
Automotive,US,715,5,Tue,39.5,0
Automotive,US,671,5,Sun,39.95,0
Automotive,US,671,5,Sun,39.95,0
EverythingElse,US,1663,3,Sat,39.99,0
Toys/Hobbies,US,22501,5,Mon,40,1
Computer,US,320,3,Sat,9.99,1
Collectibles,US,696,7,Sun,9.99,1
Toys/Hobbies,US,507,7,Sun,9.99,1
SportingGoods,US,1,7,Fri,25,1
Toys/Hobbies,US,534,7,Sun,34.95,1
Electronics,US,2358,5,Mon,9.99,1
Antique/Art/Craft,US,4390,7,Mon,41.49,0
Automotive,US,1364,7,Tue,42,0
Home/Garden,US,1162,5,Mon,9.99,1
Photography,US,475,7,Tue,25,1
Music/Movie/Game,US,3004,7,Sun,34.99,1
Toys/Hobbies,US,648,5,Mon,39,1
Automotive,US,10067,3,Fri,43.5,0
Automotive,US,10067,3,Fri,43.5,0
Toys/Hobbies,US,534,7,Sun,29.95,1
Automotive,US,1,5,Sat,9.99,1
Automotive,US,671,5,Sun,44.95,0
Automotive,US,671,5,Sun,44.95,0
Automotive,US,1135,3,Sun,9.99,1
Music/Movie/Game,US,3004,7,Sun,44.99,0
Electronics,US,2358,5,Mon,9.99,1
Automotive,US,671,5,Sun,47.5,0
Automotive,US,671,5,Sun,47.5,0
Automotive,US,8,7,Sat,25,1
Automotive,US,2992,3,Fri,49.95,0
Automotive,US,352,5,Sun,49.95,0
Toys/Hobbies,US,3385,7,Sat,49.95,0
Toys/Hobbies,US,3385,7,Sat,49.95,0
Automotive,US,10067,3,Fri,49.99,0
Toys/Hobbies,US,534,7,Sun,49.99,0
Music/Movie/Game,US,3004,7,Sun,49.99,0
Home/Garden,US,552,3,Sun,50,1
Books,US,2191,7,Tue,50,1
Music/Movie/Game,US,3004,7,Sun,39.99,1
Books,US,1560,7,Tue,9.99,1
SportingGoods,US,1,7,Fri,50,1
Coins/Stamps,US,5564,5,Sat,52,0
Automotive,US,671,5,Sun,44.95,1
Books,US,2191,7,Mon,50,1
Antique/Art/Craft,US,2944,7,Tue,49.99,1
SportingGoods,US,1,7,Fri,35,1
Collectibles,US,985,7,Sun,9.99,1
SportingGoods,US,27132,5,Mon,49,1
Automotive,US,671,5,Sun,44.95,1
Toys/Hobbies,US,1321,3,Sat,19.99,1
Automotive,US,1948,7,Fri,19.95,1
Business/Industrial,US,812,7,Sun,49.99,1
Automotive,US,10067,3,Sat,57,0
Coins/Stamps,US,5564,7,Sat,59,0
Automotive,US,2992,3,Fri,59.95,0
Automotive,US,133,7,Sat,35,1
Music/Movie/Game,US,3004,7,Sun,59.99,1
Collectibles,US,6945,7,Mon,9.99,1
Music/Movie/Game,US,3004,7,Sun,59.99,1
Automotive,US,1364,5,Sun,65.95,0
Automotive,US,3246,3,Sat,67.95,0
Clothing/Accessories,EUR,668,10,Tue,43.04222223,1
Automotive,US,2992,5,Sun,65,1
Electronics,US,8,5,Tue,69.99,1
Collectibles,US,52,7,Mon,9.99,1
Coins/Stamps,US,5564,5,Mon,73,0
Photography,US,320,3,Sun,9.99,1
Business/Industrial,EUR,6,7,Mon,30.74333333,0
Automotive,US,1364,7,Mon,76.5,0
Automotive,US,2992,3,Fri,79,1
Toys/Hobbies,US,3385,7,Sat,79.95,0
Electronics,US,2358,5,Mon,79.99,0
Pottery/Glass,US,993,7,Sat,79.99,0
Pottery/Glass,US,993,7,Sat,79.99,1
Pottery/Glass,US,993,7,Sat,79.99,1
Automotive,US,2992,5,Sun,82.95,0
Automotive,US,1364,5,Sun,83.95,0
Automotive,US,2992,5,Sun,82.95,1
Automotive,US,1364,5,Sun,85,0
Automotive,US,146,7,Tue,85,0
Toys/Hobbies,US,534,7,Sun,69.99,1
Automotive,US,2992,5,Sun,82.95,1
Automotive,US,1364,7,Tue,89,0
Collectibles,US,590,10,Fri,9.95,1
Automotive,US,146,3,Fri,89.95,0
Automotive,US,2992,3,Fri,89.95,0
Automotive,US,2992,3,Fri,89.95,0
Automotive,US,2992,3,Fri,89.95,0
Automotive,US,2992,3,Fri,89.95,0
Automotive,US,2992,3,Fri,89.95,0
Automotive,US,146,5,Mon,89.95,0
Automotive,US,1364,5,Sun,89.95,0
Automotive,US,1364,7,Tue,90,0
Automotive,US,10,5,Tue,50,1
Automotive,US,2992,3,Fri,89.95,1
Automotive,US,2992,3,Fri,95,0
Automotive,US,146,5,Mon,95,0
Electronics,US,156,7,Fri,50,1
Photography,US,14,5,Sat,9.99,1
Electronics,EUR,7,3,Sat,67.63480664,1
Automotive,US,2992,3,Fri,99.95,0
Automotive,US,2992,3,Fri,99.95,0
Pottery/Glass,US,993,7,Sat,99.99,0
Pottery/Glass,US,993,7,Sat,99.99,0
Pottery/Glass,US,993,7,Sat,99.99,0
Pottery/Glass,US,993,7,Sat,99.99,0
Pottery/Glass,US,993,7,Sat,99.99,0
Automotive,US,1131,10,Sun,100,0
Toys/Hobbies,US,301,7,Sat,93.63,1
Automotive,US,1364,5,Sun,108,0
Toys/Hobbies,US,534,7,Sun,79.99,1
Antique/Art/Craft,GBP,378,7,Thu,169.55,1
Automotive,US,146,5,Sun,115,0
Automotive,US,1364,7,Tue,117,0
Clothing/Accessories,EUR,668,7,Fri,67.63705883,0
Automotive,US,2992,3,Fri,119,1
Toys/Hobbies,US,251,1,Fri,99.99,1
Automotive,US,2992,3,Fri,119,1
Photography,US,33,7,Fri,90,1
Automotive,US,1364,7,Tue,128,0
Automotive,US,1364,7,Tue,128,0
Business/Industrial,US,48,3,Fri,100,1
Automotive,US,1364,7,Mon,132,1
Automotive,US,1364,7,Tue,134,0
Coins/Stamps,US,5564,5,Sat,135,0
Collectibles,US,325,10,Sun,50,1
Electronics,EUR,13,10,Wed,122.9754902,1
Electronics,EUR,13,7,Sun,122.9739284,1
Pottery/Glass,US,993,7,Sat,159.99,0
Automotive,US,2992,3,Fri,169,0
Coins/Stamps,US,5564,3,Sat,175,0
Computer,US,67,7,Sun,150,1
SportingGoods,US,71,7,Sat,50,1
Coins/Stamps,US,5564,5,Sun,192,0
Collectibles,US,993,7,Mon,199.99,0
Electronics,US,2358,5,Mon,199.99,1
Books,US,155,7,Mon,99.99,1
Automotive,US,2992,5,Sun,199,1
Collectibles,US,862,5,Sat,219,0
Automotive,US,374,7,Mon,100,1
Automotive,US,0,10,Sun,99,1
Automotive,EUR,4,10,Sun,122.9748031,1
SportingGoods,US,1,7,Fri,200,1
Automotive,US,97,3,Fri,290,0
Automotive,US,142,7,Sat,200,1
Automotive,US,2992,5,Sun,359.95,0
Automotive,US,21,5,Sat,300,1
Automotive,US,1400,5,Mon,549,0
Automotive,US,57,7,Fri,650,1
Automotive,US,145,7,Sat,999,0
